NO,市町村,事業者名,店舗名,事業者種別,郵便番号,住所,電話番号,開始（予定）日,PCR検査,抗原検査,特記事項
1,千葉市稲毛区,ウエルシア薬局株式会社,ウエルシア薬局千葉園生店,1,263-0051,千葉県千葉市稲毛区園生町８８０－１,043-207-5771,2021-12-24,True,True,"調剤薬局の営業日、営業時間のみ受付可能。2月14日から、ウエルシア薬局のホームページより検査の予約ができるようになります。
https://www.welcia-yakkyoku.co.jp/"
2,千葉市稲毛区,ウエルシア薬局株式会社,ウエルシア薬局千葉宮野木2号店,1,263-0054,千葉県千葉市稲毛区宮野木町1093-1,043-256-3724,2021-12-24,True,True,"調剤薬局の営業日、営業時間のみ受付可能。2月14日から、ウエルシア薬局のホームページより検査の予約ができるようになります。
https://www.welcia-yakkyoku.co.jp/"
3,千葉市稲毛区,ウエルシア薬局株式会社,ウエルシア薬局千葉山王店,1,263-0002,千葉県千葉市稲毛区山王町１３４－１,043-304-2223,2021-12-24,True,True,"調剤薬局の営業日、営業時間のみ受付可能。2月14日から、ウエルシア薬局のホームページより検査の予約ができるようになります。
https://www.welcia-yakkyoku.co.jp/"
4,千葉市稲毛区,ウエルシア薬局株式会社,ウエルシア薬局千葉小仲台店,1,263-0043,千葉県千葉市稲毛区小仲台７－２０－７,043-290-5775,2021-12-24,True,True,"調剤薬局の営業日、営業時間のみ受付可能。2月14日から、ウエルシア薬局のホームページより検査の予約ができるようになります。
https://www.welcia-yakkyoku.co.jp/"
5,千葉市稲毛区,ウエルシア薬局株式会社,ウエルシア薬局千葉長沼店,1,263-0005,千葉県千葉市稲毛区長沼町１４６－１,043-298-0061,2021-12-24,True,True,"調剤薬局の営業日、営業時間のみ受付可能。2月14日から、ウエルシア薬局のホームページより検査の予約ができるようになります。
https://www.welcia-yakkyoku.co.jp/"
6,千葉市稲毛区,株式会社千葉薬品,ヤックスドラッグ作草部薬局,1,263-0015,千葉市稲毛区作草部1-10-2,043-207-6003,2022-01-07,True,True,"水曜日：９時～１８時
御来局前に予めお電話ください。"
7,千葉市稲毛区,株式会社千葉薬品,ヤックスドラッグ千葉山王薬局,1,263-0002,千葉市稲毛区山王町48-2,043-312-8813,2022-01-07,True,True,調剤薬局の営業日、営業時間のみ受付可能。
8,千葉市稲毛区,クオール株式会社　クオール薬局稲毛店,クオール薬局稲毛店,1,263-0043,千葉県千葉市稲毛区小仲台2-2-2 エヌズクアトロ2A,043-206-8289,2022-06-01,False,True,"水・金：１４時～１５時
ご来局前に予めご連絡ください。"
9,千葉市稲毛区,クオール株式会社　クオール薬局稲毛駅前店,クオール薬局稲毛駅前店,1,263-0031,千葉県千葉市稲毛区東3-15-8,043-243-8160,2022-06-01,False,True,"水：１３時～１７時
ご来局前に予めご連絡ください。"
10,千葉市稲毛区,株式会社三学　さくらんぼ薬局小中台町店,さくらんぼ薬局小中台町店,1,263-0044,千葉県千葉市稲毛区小中台町356-15,043-207-3960,2022-06-13,True,True,実施日：月～金　10:00～15:00　事前に店舗へお電話下さい。
11,千葉市稲毛区,株式会社三学　さくらんぼ薬局稲毛店,さくらんぼ薬局稲毛店,1,263-0043,千葉県千葉市稲毛区小仲台6-23-10,043-290-8949,2022-06-13,True,True,"実施日：月・火・水　13:00～14:45　　土　14:00～16:00
事前に店舗へお電話下さい。"
12,千葉市花見川区,ウエルシア薬局株式会社,ウエルシア薬局千葉さつきが丘店,1,262-0014,千葉県千葉市花見川区さつきが丘一丁目31番地3,043-216-6558,2021-12-24,True,True,"調剤薬局の営業日、営業時間のみ受付可能。2月14日から、ウエルシア薬局のホームページより検査の予約ができるようになります。
https://www.welcia-yakkyoku.co.jp/"
13,千葉市花見川区,ウエルシア薬局株式会社,ウエルシア薬局千葉宮野木台店,1,262-0015,千葉県千葉市花見川区宮野木台３－１－１,043-207-6073,2021-12-24,True,True,"調剤薬局の営業日、営業時間のみ受付可能。2月14日から、ウエルシア薬局のホームページより検査の予約ができるようになります。
https://www.welcia-yakkyoku.co.jp/"
14,千葉市花見川区,ウエルシア薬局株式会社,ウエルシア薬局花見川作新台店,1,262-0045,千葉県千葉市花見川区作新台２－１－３,043-298-9881,2021-12-24,True,True,"調剤薬局の営業日、営業時間のみ受付可能。2月14日から、ウエルシア薬局のホームページより検査の予約ができるようになります。
https://www.welcia-yakkyoku.co.jp/"
15,千葉市花見川区,ウエルシア薬局株式会社,ウエルシア薬局千葉武石店,1,262-0031,千葉県千葉市花見川区武石町二丁目６１６番地,043-350-3412,2021-12-24,True,True,"調剤薬局の営業日、営業時間のみ受付可能。2月14日から、ウエルシア薬局のホームページより検査の予約ができるようになります。
https://www.welcia-yakkyoku.co.jp/"
16,千葉市花見川区,株式会社千葉薬品,ヤックスドラッグ千種薬局,1,260-0012,千葉市花見川区千種町249,043-301-6702,2022-01-07,True,True,調剤薬局の営業日、営業時間のみ受付可能。
17,千葉市花見川区,株式会社日本総合検査センター,日本総合検査センター　千葉検査所,2,262－0032,千葉県花見川区幕張町5－417－71,092-260-8533,2022-01-16,True,True,"営業時間：8：00～20：00
365日休み無し。ドライブスルー検査にて行う。"
18,千葉市花見川区,株式会社フォーラル,さざなみ薬局,1,262-0015,千葉県千葉市花見川区宮野木台３－２９－２,043-252-8212,2022-01-25,True,True,・完全予約制（月水木金　9:00-12:00）
19,千葉市花見川区,"株式会社PROUMED
医療法人社団　同仁会診療所",くすりの福太郎新検見川店,1,262-0023,"千葉市花見川区検見川町3-326-1
平助ビル1F",043-307-8809,2022-01-26,True,True,店舗の営業時間に準ずる
20,千葉市花見川区,HYUGA PRIMARY CARE株式会社,きらり薬局　新検見川店,1,262-0023,千葉県千葉市花見川区検見川町3丁目301-24,043-307-1059,2022-02-07,False,True,
21,千葉県花見川区,株式会社サンドラッグ,サンドラッグ宮野木薬局　　　　,1,262-0019,千葉県千葉市花見川区朝日ケ丘1-35-10,043-306-8050,2022-02-07,True,True,"・受検可能な時間帯
　月火水金　（ＰＣＲ・抗原）９：３０～１４：３０　/（抗原）１４：３０～１７：００ 
　土　　　　（抗原）１０：００～１３：００　/（抗原）１４：３０～１７：００
　※木曜日・日曜日・祝日は実施不可。
・ＰＣＲ検査は結果通知が検体採取日の翌々日になることがあります。
・薬局内の密集を回避するため1日当り及び同一時間帯の受検者を制限して実施します。
（状況に応じて当日の時間帯を指定した整理券配布対応とします。）"
22,千葉県花見川区,クラフト株式会社,さくら薬局　花園店,1,262-0025,千葉県千葉市花見川区花園1-9-19,043-351-0369,2022-04-06,False,True,平日　13時半～14時半　事前電話必要
23,千葉県花見川区,クラフト株式会社,さくら薬局　宮野木店,1,262-0015,千葉県千葉市花見川区宮野木台2-5-33　　ミキ医療モール1階,043-205-4639,2022-04-06,False,True,月・火・水・金：14～15時 事前電話必要
24,千葉県花見川区,医療法人社団愛生会,み春野PCR検査センター,3,262-0007,千葉市花見川区み春野1-1531-6,090-7828-3789,2022-05-27,True,True,
25,千葉県花見川区,株式会社ウィーズ,サンリツ薬局　幕張本郷店,1,262-0033,千葉県千葉市花見川区幕張本郷3-22-14,043-299-2227,2022-06-11,False,True,水、日曜、祝日実施不可
26,千葉市若葉区,ウエルシア薬局株式会社,ウエルシア薬局千葉加曽利店,1,264-0017,千葉県千葉市若葉区加曽利町９３７番地２,043-234-7382,2021-12-24,True,True,"調剤薬局の営業日、営業時間のみ受付可能。2月14日から、ウエルシア薬局のホームページより検査の予約ができるようになります。
https://www.welcia-yakkyoku.co.jp/"
27,千葉市若葉区,ウエルシア薬局株式会社,ウエルシア薬局千葉桜木店,1,264-0028,千葉県千葉市若葉区桜木４－１６－５,043-235-6012,2021-12-24,True,True,"調剤薬局の営業日、営業時間のみ受付可能。2月14日から、ウエルシア薬局のホームページより検査の予約ができるようになります。
https://www.welcia-yakkyoku.co.jp/"
28,千葉市若葉区,ウエルシア薬局株式会社,ウエルシア薬局千葉小倉町店,1,264-0007,千葉県千葉市若葉区小倉町１７５４番地１,043-234-6607,2021-12-24,True,True,"調剤薬局の営業日、営業時間のみ受付可能。2月14日から、ウエルシア薬局のホームページより検査の予約ができるようになります。
https://www.welcia-yakkyoku.co.jp/"
29,千葉市若葉区,ウエルシア薬局株式会社,ウエルシア薬局千葉大宮台店,1,264-0015,千葉県千葉市若葉区大宮台１－１－１,043-300-6776,2021-12-24,True,True,"調剤薬局の営業日、営業時間のみ受付可能。2月14日から、ウエルシア薬局のホームページより検査の予約ができるようになります。
https://www.welcia-yakkyoku.co.jp/"
30,千葉市若葉区,ウエルシア薬局株式会社,ウエルシア薬局千葉都賀店,1,264-0025,千葉県千葉市若葉区都賀３－２１－１,043-214-5324,2021-12-24,True,True,"調剤薬局の営業日、営業時間のみ受付可能。2月14日から、ウエルシア薬局のホームページより検査の予約ができるようになります。
https://www.welcia-yakkyoku.co.jp/"
31,千葉市若葉区,ウエルシア薬局株式会社,ウエルシア薬局千葉東寺山コープ店,1,264-0035,千葉県千葉市若葉区東寺山町４２２－１,043-290-1651,2021-12-24,True,True,"調剤薬局の営業日、営業時間のみ受付可能。2月14日から、ウエルシア薬局のホームページより検査の予約ができるようになります。
https://www.welcia-yakkyoku.co.jp/"
32,千葉市若葉区,株式会社千葉薬品,ヤックスドラッグ若松薬局,1,254-0021,千葉市若葉区若松町895,043-304-2775,2022-01-07,True,True,調剤薬局の営業日、営業時間のみ受付可能。
33,千葉市若葉区,株式会社千葉薬品,ヤックスケアタウン千城台薬局,1,254-0004,千葉市若葉区千城台西2-1-3,043-312-0541,2022-01-07,True,True,調剤薬局の営業日、営業時間のみ受付可能。
34,千葉市若葉区,株式会社千葉薬品,ヤックスドラッグ大宮台薬局,1,264-0015,千葉市若葉区大宮台7-3208-6,043-312-8605,2022-01-07,True,True,調剤薬局の営業日、営業時間のみ受付可能。
35,千葉市若葉区,HYUGA PRIMARY CARE株式会社,きらり薬局　若松町店,1,264-0021,千葉県千葉市若葉区若松町545-9,043-309-7446,2022-02-07,False,True,
36,千葉市若葉区,株式会社サンドラッグ,サンドラッグ若松薬局　　　　　,1,264-0021,千葉県千葉市若葉区若松町502-70,043-420-2655,2022-02-07,True,True,"・受検可能な時間帯
　月～金　（ＰＣＲ・抗原）１０：００～１３：００　/（抗原）１５：００～１８：００
　土　　　（抗原）１０：００～１３：００　/（抗原）１５：００～１８：００
　※日曜日・祝日は実施不可。
・ＰＣＲ検査は結果通知が検体採取日の翌々日になることがあります。
・薬局内の密集を回避するため1日当り及び同一時間帯の受検者を制限して実施します。
（状況に応じて当日の時間帯を指定した整理券配布対応とします。）"
37,千葉市若葉区,クオール株式会社　クオール薬局高根町店,クオール薬局高根町店,1,265-0061,千葉県千葉市若葉区高根町964-8,043-228-2941,2022-06-01,False,True,"月～金：１3時～１4時
ご来局前に予めご連絡ください。"
38,千葉市若葉区,クオール株式会社　クオール薬局桜木店,クオール薬局桜木店,1,246-0028,千葉市若葉区桜木3-9-29,043-235-5010,2022-06-01,False,True,"月～金：１４時～１５時
ご来局前に予めご連絡ください。"
39,千葉市若葉区,株式会社ウィーズ,ブレーメン薬局　小倉台店,1,264-0006,千葉県千葉市若葉区小倉台7-2-2,043-235-3441 ,2022-06-11,False,True,ドライブスルー方式にて対応　木、日曜、祝日実施不可
40,千葉市中央区,ウエルシア薬局株式会社,ウエルシア薬局千葉鶴沢店,1,260-0003,千葉県千葉市中央区鶴沢町2-3,043-223-7685,2021-12-24,True,True,"調剤薬局の営業日、営業時間のみ受付可能。2月14日から、ウエルシア薬局のホームページより検査の予約ができるようになります。
https://www.welcia-yakkyoku.co.jp/"
41,千葉市中央区,株式会社千葉薬品,ヤックスドラッグ仁戸名薬局,1,260-0801,千葉市中央区仁戸名町702-1,043-261-7738,2022-01-07,True,True,調剤薬局の営業日、営業時間のみ受付可能。
42,千葉市中央区,株式会社千葉薬品,ヤックスドラッグ椿森薬局,1,260-0042,千葉市中央区椿森6-2-16,043-252-8262,2022-01-07,True,True,調剤薬局の営業日、営業時間のみ受付可能。
43,千葉市中央区,株式会社千葉薬品,ヤックスドラッグ本千葉薬局,1,260-0854,千葉市中央区長洲2-27-4,043-223-6601,2022-01-07,True,True,調剤薬局の営業日、営業時間のみ受付可能。
44,千葉市中央区,日本調剤株式会社,日本調剤 青葉薬局,1,260-0852,千葉県千葉市中央区青葉町955-23,043-226-1730,2022-01-17,True,True,弊社予約サイト（https://www.nicho.co.jp/pharmacy/covid19/pcrtest/free/）より事前申込みの上ご来局ください。基本的に当日の予約はお断りしています。土曜、日曜不可。対応時間：9:30～17:00（曜日によって対応できない時間帯があります）電話でのお問い合わせはご遠慮下さい。検査キットの入荷状況により予約をお断りすることがあります。
45,千葉市中央区,株式会社ツルハ,調剤薬局ツルハドラッグ千葉中央3丁目店,1,260-0013,千葉県千葉市中央区中央3-3-1,043-202-2268,2022-01-20,True,True,
46,千葉市中央区,株式会社ツルハ,調剤薬局ツルハドラッグ蘇我駅前店,1,260-0842,千葉県千葉市中央区南町2-15-19,043-305-1268,2022-01-20,True,True,
47,千葉市中央区,"株式会社PROUMED
医療法人社団　同仁会診療所",くすりの福太郎椿森店,1,260-0042,千葉市中央区椿森4-3-3　ｴｸｾﾙ8　101号室,043-207-8829,2022-01-26,True,True,店舗の営業時間に準ずる
48,千葉市中央区,HYUGA PRIMARY CARE株式会社,きらり薬局　千葉中央店,1,260-0012,千葉県千葉市中央区本町3-1-18,043-307-3275 ,2022-02-07,False,True,
49,千葉市中央区,株式会社アインファーマシーズ,アイン薬局千葉仁戸名店,1,260-0801,千葉県千葉市中央区仁戸名町681,043-209-1910,2022-03-05,False,True,"平日は実施不可。土曜日：9:00～12:00
来局前に電話連絡をお願いします。"
50,千葉市中央区,株式会社富士薬品,ドラッグセイムス千葉富士見薬局,1,260-0015,千葉県千葉市中央区富士見2-5-1　富士見江澤ビル,043-306-1518,2022-03-09,False,True,"電話での予約受付はしておりません
調剤薬局の営業時間のみ受付
受付曜日：月～日
受付時間：9:00～17:00"
51,千葉市中央区,医療法人社団七海会,株式会社グローバルゲイツ千葉検査センター,3,260-0013,千葉県千葉市中央区中央1-11-1,080-9465-7055,2022-03-28,True,True,毎日　15時～17時まで
52,千葉市中央区,医療法人社団クリノヴェイション,東京ビジネスクリニックペリエ千葉エキナカ,3,260-0031,千葉県千葉市中央区新千葉1-1-1ペリエ千葉エキナカ4階,043-215-8111,2022-03-21,False,True,365日休まず9時から21時まで抗原定性検査の実施をしています。詳細は、当院のホームページをご確認ください。
53,千葉市中央区,医療法人社団クリノヴェイション,東京ビジネスクリニックファミリア　ペリエ千葉,3,260-0031,千葉県千葉市中央区新千葉1-1-1ペリエ千葉6階,043-306-8675,2022-03-21,False,True,365日休まず9時から21時まで抗原定性検査の実施をしています。詳細は、当院のホームページをご確認ください。
54,千葉市中央区,株式会社ＨＯＳ,アステル薬局 無料PCR検査センター　千葉市新町,1,260-0028,千葉県千葉市中央区新町22-18,03-6822-0849,2022-03-30,True,True,
55,千葉市中央区,"株式会社PROUMED
医療法人社団　同仁会診療所",くすりの福太郎仁戸名店,1,260-0801,千葉県千葉市中央区仁戸名町698-11,043-312-3729,2022-02-14,True,True,営業時間：店舗の営業時間に準ずる
56,千葉市中央区,クラフト株式会社,さくら薬局　東千葉店,1,272-0035,千葉県千葉市中央区院内1-8-12LAPUTA１階,043-222-5434,2022-04-06,False,True,月・水・木・金・土：14～16時
57,千葉市中央区,一般社団法人厚生会,PCR検査センター千葉,3,260-0045,千葉県千葉市中央区弁天1-12-4,043-310-3245,2022-04-25,False,True,定休日無し
58,千葉市中央区,日本調剤株式会社,日本調剤 千葉駅前薬局,1,260-0028,"千葉県千葉市中央区新町1-19
アイ・エス・ワイ国際ビル",043-301-5061,2022-05-25,False,True,"店舗の営業日、営業時間のみ対応（各店舗の情報は以下の店舗情報よりご確認ください）。https://www.nicho.co.jp/tenpo/
土、日、祝日は対応しておりません。混雑時または検査キットの在庫状況によっては予約をお断りすることがあります。必ず事前に電話予約をした上でご来局ください。"
59,千葉市中央区,日本調剤株式会社,日本調剤 椿森薬局,1,260-0042,千葉県千葉市中央区椿森4-4-4,043-207-5531,2022-05-25,False,True,"店舗の営業日、営業時間のみ対応（各店舗の情報は以下の店舗情報よりご確認ください）。https://www.nicho.co.jp/tenpo/
土、日、祝日は対応しておりません。混雑時または検査キットの在庫状況によっては予約をお断りすることがあります。必ず事前に電話予約をした上でご来局ください。"
60,千葉市中央区,医療法人社団潮新会,千葉PCRセンター,3,260-0021,千葉県千葉市中央区新宿2-5-1 5F,080-4262-3753,2022-05-17,True,False,日曜日を除いて実施予定。
61,千葉市中央区,医療法人社団愛生会,医療法人社団愛生会　ロイヤル歯科医院,3,260-0031,千葉県千葉市中央区新千葉2-5-14　ニュー芳野ビル４F,043-246-8430,2022-05-17,True,True,木曜日実施不可。
62,千葉市中央区,クオール株式会社　クオール薬局東千葉店,クオール薬局東千葉店,1,260-0042,千葉県千葉市中央区椿森6-5-2,043-285-5455,2022-06-01,False,True,"月～金：１４時～１５時
ご来局前に予めご連絡ください。"
63,千葉市中央区,クオール株式会社　クオール薬局まつなみ店,クオール薬局まつなみ店,1,260-0044,千葉県千葉市中央区松波1-4-13,043-287-6115,2022-06-01,False,True,"月～金：１４時～１５時
ご来局前に予めご連絡ください。"
64,千葉市中央区,ルナドクター株式会社,千葉中央駅前PCR検査センター,2,260-0013,千葉県千葉市中央区中央2-2-8秀和ビル地下1階,050-5527-1810,2022-05-27,True,True,年中無休
65,千葉市中央区,株式会社StarSeed,千葉市新型コロナ無料検査場,1,260-0007,"千葉市中央区祐光２丁目１１−１２
SKマンション１１１号室",080-5039-0849,2022-05-31,True,True,定休日なし　10:00～20:00
66,千葉市中央区,株式会社ウィーズ千葉,そが駅前薬局,1,260-0842,千葉市中央区南町2-15-3,043-261-2121,2022-06-11,False,True,日曜日・祝日　実施不可
67,千葉市中央区,健康福祉サービス株式会社,中央薬局,1,260-0001,千葉県千葉市中央区都町2-16-6,043-235-1727,2022-06-11,False,True,
68,千葉市中央区,平石クリニック,平石クリニックPCRセンター,3,260-0013,千葉県千葉市中央区中央3-17-2,080-2675-6789,2022-06-13,True,False,"日曜日休業　　　
営業時間10:00～19:00　"
69,千葉市美浜区,ウエルシア薬局株式会社,ウエルシア薬局イオンタウン幕張西店,1,261-0026,"千葉県千葉市美浜区幕張西４丁目2番12号
イオンタウン幕張西　1階",043-274-0385,2021-12-24,True,True,"調剤薬局の営業日、営業時間のみ受付可能。2月14日から、ウエルシア薬局のホームページより検査の予約ができるようになります。
https://www.welcia-yakkyoku.co.jp/"
70,千葉市美浜区,イオンリテール株式会社,イオン薬局幕張新都心店,1,261-0024,千葉県千葉市美浜区豊砂1-1,043-351-8100,2021-12-29,False,True,"無料検査の実施時間:10時-19時
ＰＣＲ検査は準備出来次第対応予定"
71,千葉市美浜区,株式会社千葉薬品,ヤックスドラッグ磯辺海浜薬局,1,261-0012,千葉市美浜区磯辺3-34-4,043-270-7410,2022-01-07,True,True,調剤薬局の営業日、営業時間のみ受付可能。
72,千葉市美浜区,株式会社千葉薬品,ヤックスドラッグパティオス薬局,1,261-0013,千葉市美浜区打瀬2-5パティオス3番街,043-310-0166,2022-01-07,True,True,調剤薬局の営業日、営業時間のみ受付可能。
73,千葉市美浜区,株式会社千葉薬品,ヤックスドラッグ千葉みなと薬局,1,261-0001,千葉市美浜区幸町1-12-5,043-307-8863,2022-01-07,True,True,調剤薬局の営業日、営業時間のみ受付可能。
74,千葉市美浜区,イントロン株式会社,マリン薬局,1,261-0012,千葉県千葉市美浜区磯辺4-15-3,043-270-7001,2022-01-19,True,True,"月火水木金　9：00～18：30
土　9：00～12：30"
75,千葉市美浜区,HYUGA PRIMARY CARE株式会社,きらり薬局　幸町店,1,261-0001,千葉市美浜区幸町2-23-1マルエツ千葉幸町店２F,043-305-4850,2022-02-07,False,True,
76,千葉市美浜区,株式会社南山堂,南山堂薬局 幕張西店,1,261-0021,千葉県千葉市美浜区幕張西2-7-20,043-273-9900,2022-03-15,True,True,閉局時、検査管理者不在時は実施不可
77,千葉市美浜区,日本調剤株式会社,日本調剤 ベイタウン薬局,1,261-0013,"千葉県千葉市美浜区打瀬3-4
パティオス２０番街",043-274-0826,2022-05-25,False,True,"店舗の営業日、営業時間のみ対応（各店舗の情報は以下の店舗情報よりご確認ください）。https://www.nicho.co.jp/tenpo/
土、日、祝日は対応しておりません。混雑時または検査キットの在庫状況によっては予約をお断りすることがあります。必ず事前に電話予約をした上でご来局ください。"
78,千葉市美浜区,日本調剤株式会社,日本調剤 幕張ベイパーク薬局,1,261-0014,千葉県千葉市美浜区若葉3-1-38,043-441-4151,2022-05-25,False,True,"店舗の営業日、営業時間のみ対応（各店舗の情報は以下の店舗情報よりご確認ください）。https://www.nicho.co.jp/tenpo/
土、日、祝日は対応しておりません。混雑時または検査キットの在庫状況によっては予約をお断りすることがあります。必ず事前に電話予約をした上でご来局ください。"
79,千葉市美浜区,FMF 胎児クリニック東京ベイ幕張,FMF 胎児クリニック東京ベイ幕張,3,261-0021,千葉県千葉市美浜区ひび野2-3 アパホテル＆リゾート東京ベイ幕張47F,050-3200-0647,2022-06-13,False,True,"〇受付不可日時
水・日
〇受付時間
10時～18時（お電話にてご確認ください）
〇受付方法お問合せ先電話番号
050-3200-0647
〇アクセス
アパホテル駐車場を3時間まで無料でご利用いただけます。"
80,千葉市美浜区,株式会社ウィーズ,ダリヤ幕張薬局,1,261-0013,千葉県千葉市美浜区打瀬2-1-2　グランパティオス公園西の街５番館１０１号,043-299-2227,2022-06-11,False,True,日曜日、祝日は実施不可　
81,千葉市美浜区,株式会社ファーマシ―エクスプレス,いなげかいがん薬局,1,261-0004,千葉市美浜区高洲３－１４－８　花澤高洲ビル１Ｆ,043-278-6780,2022-06-11,False,True,日曜日・祝日　実施不可
82,千葉市美浜区,株式会社ファーマシ―エクスプレス,いなげかいがん調剤薬局,1,261-0004,千葉市美浜区高洲 3-14-1 和紅ビル205,043-279-1120,2022-06-11,False,True,日曜日・祝日　実施不可
83,千葉市美浜区,株式会社ファーマシ―エクスプレス,ファルメックス薬局,1,261-0012,千葉市美浜区磯辺 5-9-1,043-441-6101,2022-06-11,False,True,日曜日・祝日　実施不可
84,千葉市緑区,ウエルシア薬局株式会社,ウエルシア薬局千葉土気店,1,267-0067,千葉県千葉市緑区あすみが丘東２－１９－３,043-205-7750,2021-12-24,True,True,"調剤薬局の営業日、営業時間のみ受付可能。2月14日から、ウエルシア薬局のホームページより検査の予約ができるようになります。
https://www.welcia-yakkyoku.co.jp/"
85,千葉市緑区,ウエルシア薬局株式会社,ウエルシア薬局千葉おゆみ野店,1,266-0031,千葉県千葉市緑区おゆみ野３－１,043-300-3027,2021-12-24,True,True,"調剤薬局の営業日、営業時間のみ受付可能。2月14日から、ウエルシア薬局のホームページより検査の予約ができるようになります。
https://www.welcia-yakkyoku.co.jp/"
86,千葉市緑区,ウエルシア薬局株式会社,ウエルシア薬局千葉高津戸店,1,267-0053,千葉県千葉市緑区高津戸町８４番地１２,043-295-1593,2021-12-24,True,True,"調剤薬局の営業日、営業時間のみ受付可能。2月14日から、ウエルシア薬局のホームページより検査の予約ができるようになります。
https://www.welcia-yakkyoku.co.jp/"
87,千葉市緑区,ウエルシア薬局株式会社,ウエルシア薬局千葉誉田店,1,266-0005,千葉県千葉市緑区誉田町２－２４－５４７,043-226-9783,2021-12-24,True,True,"調剤薬局の営業日、営業時間のみ受付可能。2月14日から、ウエルシア薬局のホームページより検査の予約ができるようになります。
https://www.welcia-yakkyoku.co.jp/"
88,千葉市緑区,株式会社千葉薬品,ヤックスドラッグ土気薬局,1,267-0066,千葉市緑区あすみが丘4-19-3,043-205-8881,2022-01-07,True,True,調剤薬局の営業日、営業時間のみ受付可能。
89,千葉市緑区,株式会社千葉薬品,ヤックスドラッグ鎌取薬局,1,266-0011,千葉市緑区鎌取町114-30,043-293-7835,2022-01-07,True,True,調剤薬局の営業日、営業時間のみ受付可能。
90,千葉市緑区,クラフト株式会社,さくら薬局鎌取店,1,266-0007,千葉県千葉市緑区辺田町593-21,043-293-7010,2022-01-18,False,True,10時-12時の間
91,千葉市緑区,株式会社ツルハ,調剤薬局ツルハドラッグ鎌取店,1,266-0031,千葉県千葉市緑区おゆみ野3-40-5,043-292-0636,2022-01-20,True,True,
92,千葉市緑区,株式会社ツルハ,調剤薬局ツルハドラッグおゆみ野南店,1,266-0033,千葉県千葉市緑区おゆみ野南5-7-2,043-291-0157,2022-01-20,True,True,
93,千葉市緑区,HYUGA PRIMARY CARE株式会社,きらり薬局　鎌取店,1,266-0031,千葉県千葉市緑区おゆみ野4-2-7,043-309-7718,2022-02-07,False,True,
94,千葉市緑区,株式会社ウィーズ,サンリツ薬局　古市場店,1,266-0026,千葉県千葉市緑区古市場町102,043-226-7300,2022-06-11,False,True,ドライブスルー方式にて対応　日曜、祝日実施不可
95,銚子市,ウエルシア薬局株式会社,ウエルシア薬局銚子笠上町店,1,288-0004,千葉県銚子市笠上町６８７０番１,0479-24-0322,2021-12-24,True,True,"調剤薬局の営業日、営業時間のみ受付可能。2月14日から、ウエルシア薬局のホームページより検査の予約ができるようになります。
https://www.welcia-yakkyoku.co.jp/"
96,市川市,ウエルシア薬局株式会社,ウエルシア薬局市川国府台店,1,272-0827,千葉県市川市国府台４－７－３,047-374-7037,2021-12-24,True,True,"調剤薬局の営業日、営業時間のみ受付可能。2月14日から、ウエルシア薬局のホームページより検査の予約ができるようになります。
https://www.welcia-yakkyoku.co.jp/"
97,市川市,ウエルシア薬局株式会社,ウエルシア薬局南行徳駅前店,1,272-0143,千葉県市川市相之川４－９－１０,047-300-2721,2021-12-24,True,True,"調剤薬局の営業日、営業時間のみ受付可能。2月14日から、ウエルシア薬局のホームページより検査の予約ができるようになります。
https://www.welcia-yakkyoku.co.jp/"
98,市川市,ウエルシア薬局株式会社,ウエルシア薬局市川東国分店,1,272-0833,千葉県市川市東国分２－１－１,047-374-9965,2021-12-24,True,True,"調剤薬局の営業日、営業時間のみ受付可能。2月14日から、ウエルシア薬局のホームページより検査の予約ができるようになります。
https://www.welcia-yakkyoku.co.jp/"
99,市川市,ウエルシア薬局株式会社,ウエルシア薬局南行徳店,1,272-0138,千葉県市川市南行徳４－３－１７,047-701-1500,2021-12-24,True,True,"調剤薬局の営業日、営業時間のみ受付可能。2月14日から、ウエルシア薬局のホームページより検査の予約ができるようになります。
https://www.welcia-yakkyoku.co.jp/"
100,市川市,ウエルシア薬局株式会社,ウエルシア薬局市川堀之内店,1,272-0837,千葉県市川市堀之内３－２５－９,047-318-5081,2021-12-24,True,True,"調剤薬局の営業日、営業時間のみ受付可能。2月14日から、ウエルシア薬局のホームページより検査の予約ができるようになります。
https://www.welcia-yakkyoku.co.jp/"
101,市川市,ウエルシア薬局株式会社,ウエルシア薬局市川妙典店,1,272-0111,千葉県市川市妙典５－１３－３８,047-701-6062,2021-12-24,True,True,"調剤薬局の営業日、営業時間のみ受付可能。2月14日から、ウエルシア薬局のホームページより検査の予約ができるようになります。
https://www.welcia-yakkyoku.co.jp/"
102,市川市,ルナドクター株式会社,市川・本八幡駅前ＰＣＲ検査センター,2,272-0021,千葉県市川市八幡2-15-17 八幡センタービル１F西側,047-702-5679,2021-12-28,True,False,年中無休。完全整理券制となっています。
103,市川市,イオンリテール株式会社,イオン薬局市川妙典店,1,272-0111,千葉県市川市妙典5-3-1,047-397-9831,2022-01-17,False,True,"ＰＣＲ検査は準備出来次第対応予定
検査時間は10時～19時"
104,市川市,クラフト株式会社,さくら薬局　菅野店,1,272-0824,"千葉県市川市菅野4-17-12
ラ・メール岡野１Ｆ",047-325-3337,2022-01-18,False,True,平日：9時～15時、土曜：9時～13時
105,市川市,クラフト株式会社,さくら薬局　市川曽谷店,1,272-0832,千葉県市川市曽谷7-3-16,047-373-2222,2022-01-18,False,True,月・火・木・金：13～15時
106,市川市,有限会社　マコト,久米の木薬局,1,272-0812,千葉県市川市若宮3-53-24,080-8737-0033,2022-03-16,True,True,"来局前にご連絡ください。
受付時間
月火木金：12：30～15：00
                    17：00～19：00
     水土   ：12：30～19：00
"
107,市川市,株式会社南山堂,南山堂薬局 本八幡駅前店,1,272-0023,千葉県市川市南八幡4-4-26 グランデヒロ本八幡1階,047-711-0551,2022-03-15,True,True,閉局時、検査管理者不在時は実施不可
108,市川市,株式会社ファーマみらい,共創未来　市川薬局,1,272-0824,千葉県市川市菅野4-17-14タカラビル1F,047-320-0005,2022-03-16,False,True,月曜日～金曜日の15時～17時対応。
109,市川市,株式会社富士薬品,ドラッグセイムス南行徳薬局,1,272-0138,千葉県市川市南行徳1-15-8　エレガントプラザ,047-390-1256,2022-03-09,False,True,"電話での予約受付はしておりません
調剤薬局の営業時間のみ受付
受付曜日：月～土
受付時間：9:00～17:00"
110,市川市,株式会社アインファーマシーズ,アイン薬局　国府台店,1,272-0827,千葉県市川市国府台3-1-29,047-703-7856,2022-03-19,False,True,"平日は実施不可。毎週土曜日の午前9時から12時まで
来局前には電話連絡をお願いします。"
111,市川市,株式会社サンドラッグ,サンドラッグ加藤新田薬局,1,272-0124,千葉県市川市加藤新田202-17,047-701-0183,2022-03-12,True,True,"・受検可能な時間帯
　月～金　（ＰＣＲ・抗原）１０：００～１４：００　/（抗原）１４：００～１８：００　
　土　　　（抗原）１０：００～１４：００　/（抗原）１４：００～１８：００　
　※日曜日・祝日は実施不可。
・ＰＣＲ検査は結果通知が検体採取日の翌々日になることがあります。
・薬局内の密集を回避するため1日当り及び同一時間帯の受検者を制限して実施します。
（状況に応じて当日の時間帯を指定した整理券配布対応とします。）"
112,市川市,さくら薬局株式会社,サラダ薬局　国府台店,1,272-0034,市川市市川4-7-5シャトー鴻ノ台102,047-374-8050,2022-04-06,False,True,"月、火、水、金の13：00～15：00
御来局前に電話連絡をお願いします。"
113,市川市,クラフト株式会社,さくら薬局　市川八幡店,1,272-0021,千葉県市川市八幡1-15-12,047-311-4601,2022-04-06,False,True,月・火・水・金：14～16時　事前電話必要
114,市川市,クラフト株式会社,さくら薬局　市川店,1,272-0034,千葉県市川市市川2-28-15,047-321-2422,2022-04-06,False,True,13時-15時の間
115,市川市,クラフト株式会社,さくら薬局　市川押切店,1,272-0107,千葉県市川市押切19-7,047-357-6155,2022-04-06,False,True,月・火・木・金：13時-15時の間　事前電話必要
116,市川市,一般社団法人厚生会,PCR検査センター下貝塚,3,272-0821,千葉県市川市下貝塚2-32-9,047-701-5480,2022-04-25,False,True,定休日無し
117,市川市,株式会社アオノ,南行徳薬局,1,272-0138,千葉県市川市相之川４－１５－２　吉野ビル1階,047-356-4193,2022-05-01,False,True,"土曜日の15時30分～17時30分に実施。
 事前に電話連絡必要"
118,市川市,株式会社アオノ,スクエアアオノ薬局,1,272-0143,千葉県市川市南行徳１－１６－２７ＮＡＮＧＹＯスクエアビル,047-396-4193,2022-05-01,False,True,"木曜日と土曜日の14時～18時に実施。
事前に電話連絡必要"
119,市川市,株式会社アオノ,ファーマシーアオノ薬局,1,272-0138,千葉県市川市相之川４－１５－１,047-356-5346,2022-05-01,False,True,"土曜日の15時～18時に実施。
 事前に電話連絡必要"
120,市川市,株式会社アオノ,アオノ薬局ふみはま店,1,272-0133,千葉県市川市南行徳１－１５－２１－１Ｆ,047-390-2380,2022-05-01,False,True,"土曜日の15時～17時に実施。 
 事前に電話連絡必要"
121,市川市,株式会社アオノ,プラザアオノ薬局,1,272-0133,千葉県市川市行徳駅前２－４,047-357-1925,2022-05-01,False,True,"土曜日の15時30分～17時30分に実施。　
事前に電話連絡必要"
122,市川市,株式会社アオノ,アオノ薬局ケアセンター,1,272-0111,千葉県市川市行徳駅前２－１７－２－１Ｆ,047-395-4593,2022-05-01,False,True,"土曜日の15時～17時に実施。
事前に電話連絡必要"
123,市川市,株式会社アオノ,アオノ薬局みょうでん店,1,272-0111,千葉県市川市妙典４－２－１２,047-307-2726,2022-05-01,False,True,"土曜日の15時～17時に実施。　
事前に電話連絡必要"
124,市川市,日本調剤株式会社,日本調剤 本八幡南口薬局,1,272-0023,千葉県市川市八幡4-9-5　1F,047-320-3571,2022-05-25,False,True,"店舗の営業日、営業時間のみ対応（各店舗の情報は以下の店舗情報よりご確認ください）。https://www.nicho.co.jp/tenpo/
土、日、祝日は対応しておりません。混雑時または検査キットの在庫状況によっては予約をお断りすることがあります。必ず事前に電話予約をした上でご来局ください。"
125,市川市,日本調剤株式会社,日本調剤 ワールド薬局,1,272-0824,千葉県市川市菅野4-17-11　１F,047-320-9000,2022-05-25,False,True,"店舗の営業日、営業時間のみ対応（各店舗の情報は以下の店舗情報よりご確認ください）。https://www.nicho.co.jp/tenpo/
土、日、祝日は対応しておりません。混雑時または検査キットの在庫状況によっては予約をお断りすることがあります。必ず事前に電話予約をした上でご来局ください。"
126,市川市,日本調剤株式会社,日本調剤 本八幡北口薬局,1,272-0021,"千葉県市川市八幡2-15-15
本八幡駅北口ビル１階",047-302-3981,2022-05-25,False,True,"店舗の営業日、営業時間のみ対応（各店舗の情報は以下の店舗情報よりご確認ください）。https://www.nicho.co.jp/tenpo/
土、日、祝日は対応しておりません。混雑時または検査キットの在庫状況によっては予約をお断りすることがあります。必ず事前に電話予約をした上でご来局ください。"
127,市川市,日本調剤株式会社,日本調剤 市川南口薬局,1,272-0033,千葉県市川市市川南1-1-1　B203,047-325-6731,2022-05-25,False,True,"店舗の営業日、営業時間のみ対応（各店舗の情報は以下の店舗情報よりご確認ください）。https://www.nicho.co.jp/tenpo/
土、日、祝日は対応しておりません。混雑時または検査キットの在庫状況によっては予約をお断りすることがあります。必ず事前に電話予約をした上でご来局ください。"
128,市川市,"医療法人社団マザー・
キー",ファミール産院いちかわ,3,272-0803,千葉県市川市奉免町201-5,047-339-7033,2022-05-26,False,True,当院ＨＰより検査日程を確認の上、自家用車でご来院ください。
129,市川市,クオール株式会社　クオール薬局本八幡店,クオール薬局本八幡店,1,272-0023,千葉県市川市南八幡4-14-4,047-700-2000,2022-06-01,False,True,"月～金：１４時～１５時
ご来局前に予めご連絡ください。"
130,市川市,クオール株式会社　クオール薬局妙典店,クオール薬局妙典店,1,272-0111,千葉県市川市妙典4-10-28 クリサンテーム妙典Ⅱ,047-318-6026,2022-06-01,False,True,"月・火・木・金：１４時～１５時
ご来局前に予めご連絡ください。"
131,市川市,クオール株式会社　クオール薬局SFC薬局平田店,クオール薬局SFC薬局平田店,1,272-0031,千葉県市川市平田4-3-6,047-393-3739,2022-06-01,False,True,"月～金：１3時～１4時
ご来局前に予めご連絡ください。"
132,市川市,株式会社三学　さくらんぼ薬局市川南店,さくらんぼ薬局市川南店,1,272-0033,千葉県市川市市川南1-10-1　ザ・タワーズウエスト217,047-704-8949,2022-06-13,True,True,実施日：月・火・金　13:00-14:45　事前に店舗へお電話下さい。
133,市川市,医療法人社団嘉美会,結八幡営業所,3,272-0021,千葉県市川市八幡3丁目9-14,043-244-7344,2022-06-16,True,True,電話予約不要
134,市川市,医療法人社団嘉美会,結南八幡営業所,3,272-0023,千葉県市川市南八幡5丁目21-9,080-8188-4989,2022-06-16,True,True,電話予約不要
135,船橋市,ウエルシア薬局株式会社,ウエルシア薬局船橋夏見１丁目店,1,273-0865,千葉県船橋市夏見１－１７－２２,047-424-2603,2021-12-24,True,True,"調剤薬局の営業日、営業時間のみ受付可能。2月14日から、ウエルシア薬局のホームページより検査の予約ができるようになります。
https://www.welcia-yakkyoku.co.jp/"
136,船橋市,ウエルシア薬局株式会社,ウエルシア薬局船橋夏見台店,1,273-0866,千葉県船橋市夏見台４－５－１３,047-429-5875,2021-12-24,True,True,"調剤薬局の営業日、営業時間のみ受付可能。2月14日から、ウエルシア薬局のホームページより検査の予約ができるようになります。
https://www.welcia-yakkyoku.co.jp/"
137,船橋市,ウエルシア薬局株式会社,ウエルシア薬局船橋金杉店,1,273-0853,千葉県船橋市金杉５－５－８,047-448-3117,2021-12-24,True,True,"調剤薬局の営業日、営業時間のみ受付可能。2月14日から、ウエルシア薬局のホームページより検査の予約ができるようになります。
https://www.welcia-yakkyoku.co.jp/"
138,船橋市,ウエルシア薬局株式会社,ウエルシア薬局船橋行田店,1,273-0044,千葉県船橋市行田３丁目10番41号,047-404-9821,2021-12-24,True,True,"調剤薬局の営業日、営業時間のみ受付可能。2月14日から、ウエルシア薬局のホームページより検査の予約ができるようになります。
https://www.welcia-yakkyoku.co.jp/"
139,船橋市,ウエルシア薬局株式会社,ウエルシア船橋咲が丘薬局,1,274-0807,千葉県船橋市咲が丘４－１－１,047-400-9001,2021-12-24,True,True,"調剤薬局の営業日、営業時間のみ受付可能。2月14日から、ウエルシア薬局のホームページより検査の予約ができるようになります。
https://www.welcia-yakkyoku.co.jp/"
140,船橋市,ウエルシア薬局株式会社,ウエルシア薬局習志野台５丁目店,1,274-0063,千葉県船橋市習市野台５－４０－３６,047-496-6977,2021-12-24,True,True,"調剤薬局の営業日、営業時間のみ受付可能。2月14日から、ウエルシア薬局のホームページより検査の予約ができるようになります。
https://www.welcia-yakkyoku.co.jp/"
141,船橋市,ウエルシア薬局株式会社,ウエルシア薬局船橋習志野台店,1,274-0063,千葉県船橋市習志野台２－１４－１７,047-490-1063,2021-12-24,True,True,"調剤薬局の営業日、営業時間のみ受付可能。2月14日から、ウエルシア薬局のホームページより検査の予約ができるようになります。
https://www.welcia-yakkyoku.co.jp/"
142,船橋市,ウエルシア薬局株式会社,ウエルシア薬局船橋新高根店,1,274-0814,千葉県船橋市新高根６－１９－１９,047-496-3170,2021-12-24,True,True,"調剤薬局の営業日、営業時間のみ受付可能。2月14日から、ウエルシア薬局のホームページより検査の予約ができるようになります。
https://www.welcia-yakkyoku.co.jp/"
143,船橋市,ウエルシア薬局株式会社,ウエルシア薬局船橋前原駅前店,1,274-0825,千葉県船橋市前原西８－１－１,047-490-1737,2021-12-24,True,True,"調剤薬局の営業日、営業時間のみ受付可能。2月14日から、ウエルシア薬局のホームページより検査の予約ができるようになります。
https://www.welcia-yakkyoku.co.jp/"
144,船橋市,ウエルシア薬局株式会社,ウエルシア薬局船橋田喜野井店,1,274-0073,千葉県船橋市田喜野井６－２３－２,047-456-6577,2021-12-24,True,True,"調剤薬局の営業日、営業時間のみ受付可能。2月14日から、ウエルシア薬局のホームページより検査の予約ができるようになります。
https://www.welcia-yakkyoku.co.jp/"
145,船橋市,ウエルシア薬局株式会社,ウエルシア薬局船橋藤原店,1,273-0047,千葉県船橋市藤原７丁目３２番１号,047-429-2561,2021-12-24,True,True,"調剤薬局の営業日、営業時間のみ受付可能。2月14日から、ウエルシア薬局のホームページより検査の予約ができるようになります。
https://www.welcia-yakkyoku.co.jp/"
146,船橋市,ウエルシア薬局株式会社,ウエルシア薬局船橋二子店,1,273-0034,千葉県船橋市二子町５８５－１,047-302-8217,2021-12-24,True,True,"調剤薬局の営業日、営業時間のみ受付可能。2月14日から、ウエルシア薬局のホームページより検査の予約ができるようになります。
https://www.welcia-yakkyoku.co.jp/"
147,船橋市,株式会社千葉薬品,ヤックスドラッグ船橋習志野薬局,1,274-0815,船橋市西習志野4-20-10,047-496-2101,2022-01-07,True,True,調剤薬局の営業日、営業時間のみ受付可能。
148,船橋市,イオンリテール株式会社,イオン薬局船橋店,1,273-0045,千葉県船橋市山手1-1-8,047-420-7200,2022-01-17,False,True,"ＰＣＲ検査は準備出来次第対応予定
検査時間は10：00～予定数になり次第終了"
149,船橋市,株式会社トモズ,薬局トモズ馬込沢駅前店,1,273-0047,千葉県船橋市藤原7-2-2　Luz船橋1階,047-439-8916,2022-01-21,True,True,"【PCR検査等・抗原定性検査】
月～金：　9：00　～　19：00
土　　：　9：00　～　17：00
日・祝：　実施なし（休業）"
150,船橋市,株式会社フラント,あいケア薬局前原店,1,274-0825,千葉県船橋市前原西４－１０－１７,070-4234-2467,2022-01-31,True,False,実施日時：月ー金１４：３０－１５：００
151,船橋市,"株式会社PROUMED
医療法人社団　同仁会診療所",くすりの福太郎船橋市場通り店,1,273-0001,船橋市市場4-21-11,047-460-5529,2022-01-26,True,True,店舗の営業時間に準ずる
152,船橋市,"株式会社PROUMED
医療法人社団　同仁会診療所",くすりの福太郎東船橋駅前店,1,273-0002,船橋市東船橋4-31-20,047-411-0029,2022-01-26,True,True,店舗の営業時間に準ずる
153,船橋市,"株式会社PROUMED
医療法人社団　同仁会診療所",くすりの福太郎海神店,1,273-0021,船橋市海神6-14-10,047-420-0570,2022-01-26,True,True,店舗の営業時間に準ずる
154,船橋市,"株式会社PROUMED
医療法人社団　同仁会診療所",くすりの福太郎本中山4丁目店,1,273-0035,船橋市本中山4-23-16,047-711-3830,2022-01-26,True,True,店舗の営業時間に準ずる
155,船橋市,"株式会社PROUMED
医療法人社団　同仁会診療所",くすりの福太郎塚田店,1,273-0042,船橋市前貝塚町565-11,047-439-6691,2022-01-26,True,True,店舗の営業時間に準ずる
156,船橋市,"株式会社PROUMED
医療法人社団　同仁会診療所",くすりの福太郎船橋法典店,1,273-0046,船橋市上山町1-128-1,047-303-6331,2022-01-26,True,True,店舗の営業時間に準ずる
157,船橋市,"株式会社PROUMED
医療法人社団　同仁会診療所",くすりの福太郎夏見台店,1,273-0866,船橋市夏見台1-18-7,047-490-8839,2022-01-26,True,True,店舗の営業時間に準ずる
158,船橋市,"株式会社PROUMED
医療法人社団　同仁会診療所",くすりの福太郎豊富店,1,274-0053,船橋市豊富町694-7,047-407-6629,2022-01-26,True,True,店舗の営業時間に準ずる
159,船橋市,"株式会社PROUMED
医療法人社団　同仁会診療所",くすりの福太郎三咲店,1,274-0805,船橋市二和東6-44-5,047-490-7056,2022-01-26,True,True,店舗の営業時間に準ずる
160,船橋市,"株式会社PROUMED
医療法人社団　同仁会診療所",くすりの福太郎新高根店,1,274-0814,船橋市新高根6-38-8,047-469-2117,2022-01-26,True,True,店舗の営業時間に準ずる
161,船橋市,"株式会社PROUMED
医療法人社団　同仁会診療所",くすりの福太郎飯山満吹上店,1,274-0822,船橋市飯山満町1-626-1,047-421-4729,2022-01-26,True,True,店舗の営業時間に準ずる
162,船橋市,株式会社富士薬品,ドラッグセイムス本郷町薬局,1,273-0033,千葉県船橋市本郷町534-1,047-302-7313,2022-03-09,False,True,"電話での予約受付はしておりません
調剤薬局の営業時間のみ受付
受付曜日：月～土
受付時間：10:00～17:00"
163,船橋市,株式会社富士薬品,ドラッグセイムス二和向台薬局,1,274-0805,千葉県船橋市二和東6-12-2,047-447-8787,2022-03-09,False,True,"電話での予約受付はしておりません
調剤薬局の営業時間のみ受付
受付曜日：月～土
受付時間：9:00～17:00"
164,船橋市,株式会社アインファーマシーズ,アイン薬局　とよとみ店,1,274-0053,千葉県船橋市豊富町700-10,047-490-6670,2022-03-14,False,True,"日曜日、祝日、平日実施不可、土曜日の15時～17時のみ実施。
来局前には必ず電話連絡をお願いします。
検査は各自の車内にて行いますので自家用車でご来局ください。"
165,船橋市,株式会社メディトランセ,Speranaza　PCR検査センター,2,274-0825,千葉県船橋市前原西2-13-2　パークヒルズ501,047-455-3422,2022-03-16,True,True,"実施日：月曜～土曜
実施時間：12：00～17：00"
166,船橋市,株式会社カネマタ,カネマタ薬局中央店,1,273-0021,千葉県船橋市海神6-11-19,047-431-3037,2022-03-15,True,True,"月・火・水・木・金　14：00より16：00
ご利用の方は直接ご来局ください。"
167,船橋市,株式会社カネマタ,カネマタ薬局芝山在宅センター,1,274-0816,千葉県船橋市芝山3-10-2-109,047-404-7782,2022-03-15,True,True,"月・火・水・金　14：00より16：00
ご利用の方は直接ご来局ください。"
168,船橋市,株式会社カネマタ,カネマタ薬局船橋北口店,1,273-005,千葉県船橋市本町6-1-7,047-422-8585,2022-03-15,True,True,"月・火・水・木・金　14：00より16：00
ご利用の方は直接ご来局ください。"
169,船橋市,クラフト株式会社,さくら薬局　船橋金堀町店,1,274-0054,千葉県船橋市金堀町522番3,047-468-8831,2022-04-06,False,True,月～水、金、土：10時から16時　事前電話必要
170,船橋市,クラフト株式会社,さくら薬局　船橋市場店,1,273-0001,千葉県船橋市市場4-6-16,047-426-8010,2022-04-06,False,True,火・木・土：14～16時　事前電話必要
171,船橋市,クラフト株式会社,さくら薬局　西船橋北口店,1,273-0025,千葉県船橋市印内町496-1,047-432-3703,2022-04-06,False,True,平日　13時30分～15時30分　事前電話必要
172,船橋市,クラフト株式会社,さくら薬局　西船橋南口店,1,273-0032,千葉県船橋市葛飾町2-341-3　ｻﾐｯﾄﾋﾞﾙ1F,047-437-3633,2022-04-06,False,True,月・火・金：13～15時　事前電話必須
173,船橋市,クラフト株式会社,さくら薬局　滝不動駅前店,1,274-0813,千葉県船橋市南三咲1-22-16,047-490-7772,2022-04-06,False,True,月～金：10時～12時　事前電話必要
174,船橋市,クラフト株式会社,さくら薬局　船橋習志野台店,1,274-0063,千葉県船橋市習志野台1-2-2,047-496-3377,2022-04-06,False,True,平日　13～15時　事前電話必要
175,船橋市,有限会社新薬堂薬局,有限会社新薬堂薬局,1,273-0035,千葉県船橋市本中山2-15-12,047-334-2407,2022-04-07,False,True,日曜、祝日を除き対応可。
176,船橋市,有限会社　ライオン薬局はざま店,ライオン薬局はざま店,1,274-0822,千葉県船橋市飯山満町1-836-5,047-422-9588,2022-04-12,False,True,"混雑時または検査キットの在庫状況によっては対応にお時間を頂く場合がございます。
事前に電話でご確認頂けると混雑を避けて頂けると思います。"
177,船橋市,一般社団法人厚生会,PCR検査センター三咲,3,274-8012,千葉県船橋市三咲4-16-16,047-404-5200,2022-04-25,False,True,定休日無し
178,船橋市,ならしの駅前薬局　　,ならしの駅前薬局,1,274-0835,"千葉県船橋市西習志野4-20-5 CORTILE1F
CORTILE1F",047-401-9685,2022-04-20,True,True,"土曜日、日曜日は実施不可。PCR検査は4月20日より対応。
ご来局前に当薬局ホームページにあるシステムをご確認ください。"
179,船橋市,日本調剤株式会社,日本調剤 西船橋薬局,1,273-0032,"千葉県船橋市葛飾町2-335-1
アルマース弐番館１F",047-495-2511,2022-05-25,False,True,"店舗の営業日、営業時間のみ対応（各店舗の情報は以下の店舗情報よりご確認ください）。https://www.nicho.co.jp/tenpo/
土、日、祝日は対応しておりません。混雑時または検査キットの在庫状況によっては予約をお断りすることがあります。必ず事前に電話予約をした上でご来局ください。"
180,船橋市,日本調剤株式会社,日本調剤 滝不動薬局,1,274-0813,千葉県船橋市南三咲4-13-10,047-448-1780,2022-05-25,False,True,"店舗の営業日、営業時間のみ対応（各店舗の情報は以下の店舗情報よりご確認ください）。https://www.nicho.co.jp/tenpo/
土、日、祝日は対応しておりません。混雑時または検査キットの在庫状況によっては予約をお断りすることがあります。必ず事前に電話予約をした上でご来局ください。"
181,船橋市,クオール株式会社　クオール薬局船橋店,クオール薬局船橋店,1,273-0005,千葉県船橋市本町2-24-10,047-433-3955,2022-06-01,False,True,"月～木：１４時～１５時
ご来局前に予めご連絡ください。"
182,船橋市,クオール株式会社　クオール薬局原木中山店,クオール薬局原木中山店,1,273-0035,千葉県船橋市中山7-14松丸ハイツ1階,047-302-3856,2022-06-01,False,True,"月～水・金：１３時３０分～１４時３０分
ご来局前に予めご連絡ください。"
183,船橋市,ルナドクター株式会社,千葉船橋駅前PCR検査センター,2,273-0005,千葉県船橋市本町1丁目 8-2　Shoto壱番館 1階,050-3692-4689,2022-05-27,True,True,"年中無休
営業時間：9時から19時"
184,船橋市,榎本医院,船橋駅北口東武ビル1階検査場,3,273-0005,千葉県船橋市本町7-1-1,0439-29-6339,2022-06-02,True,True,受付時間　9:30～21:00
185,船橋市,株式会社ウィーズ千葉,みもみ薬局,1,274-0071,千葉県船橋市習志野5-8-18,047-406-3352,2022-06-11,False,True,日曜日・祝日　実施不可
186,船橋市,株式会社ウィーズ,薬局おくすり本舗　北習志野店,1,274-0063,千葉県船橋市習志野台2-1-6　新京成線北習志野駅ビル1F,047-464-3097,2022-06-11,False,True,日曜、祝日実施不可
187,船橋市,株式会社ウィーズ,サンリツ薬局　大穴店,1,274-0068,千葉県船橋市大穴北8-2-31,047-490-0808,2022-06-11,False,True,ドライブスルー方式にて対応　日曜、祝日実施不可
188,船橋市,株式会社ウィーズ,サンリツ薬局　本中山店,1,273-0035,千葉県船橋市本中山3-11-3,047-332-5167,2022-06-11,False,True,ドライブスルー方式にて対応　日曜、祝日実施不可
189,船橋市,株式会社ウィーズ,二和調剤薬局,1,274-0805,千葉県船橋市二和東6-17-17　川上ビル1F,047-449-3003,2022-06-11,False,True,日曜日、祝日は実施不可　
190,館山市,ウエルシア薬局株式会社,ウエルシア薬局館山安東店,1,294-0005,千葉県館山市安東２２－１,0470-20-3380,2021-12-24,True,True,"調剤薬局の営業日、営業時間のみ受付可能。2月14日から、ウエルシア薬局のホームページより検査の予約ができるようになります。
https://www.welcia-yakkyoku.co.jp/"
191,館山市,ウエルシア薬局株式会社,ウエルシア薬局館山八幡店,1,294-0047,千葉県館山市八幡６０８－１,0470-20-1212,2021-12-24,True,True,"調剤薬局の営業日、営業時間のみ受付可能。2月14日から、ウエルシア薬局のホームページより検査の予約ができるようになります。
https://www.welcia-yakkyoku.co.jp/"
192,館山市,株式会社千葉薬品,ヤックスドラッグ城山薬局,1,294-0036,館山市館山833-1,0470-29-7438,2022-01-07,True,True,調剤薬局の営業日、営業時間のみ受付可能。
193,木更津市,ウエルシア薬局株式会社,ウエルシア薬局木更津祗園店,1,292-0052,千葉県木更津市祇園4-27-14,0438-97-1373,2021-12-24,True,True,"調剤薬局の営業日、営業時間のみ受付可能。2月14日から、ウエルシア薬局のホームページより検査の予約ができるようになります。
https://www.welcia-yakkyoku.co.jp/"
194,木更津市,ウエルシア薬局株式会社,ウエルシア薬局木更津高柳店,1,292-0014,千葉県木更津市高柳２－３－１４,0438-40-0031,2021-12-24,True,True,"調剤薬局の営業日、営業時間のみ受付可能。2月14日から、ウエルシア薬局のホームページより検査の予約ができるようになります。
https://www.welcia-yakkyoku.co.jp/"
195,木更津市,株式会社千葉薬品,ヤックスドラッグ木更津桜井薬局,1,292-0822,木更津市桜井1294-1,0438-30-0222,2022-01-07,True,True,調剤薬局の営業日、営業時間のみ受付可能。
196,木更津市,株式会社千葉薬品,ヤックスドラッグ木更津文京薬局,1,292-0804,木更津市文京3-347-1,0438-53-8124,2022-01-07,True,True,調剤薬局の営業日、営業時間のみ受付可能。
197,木更津市,医療法人社団　史祥会　房総メディカルクリニック,房総メディカルクリニック,3,292-0038,千葉県木更津市ほたる野３－２４－１９,0438-72-9916,2022-01-17,True,False,"月曜日～金曜日のみ実施（祝日も可）。土曜日・日曜日は不可。
PCR検査のみ施行。"
198,木更津市,イオンリテール株式会社,イオン薬局木更津店,1,292-0835,千葉県木更津市築地1-4,0438-38-8600,2022-01-17,False,True,"ＰＣＲ検査は準備出来次第対応予定
検査時間は11時～18時"
199,木更津市,株式会社エンゼル薬局,株式会社エンゼル薬局,1,292-0014,千葉県木更津市高柳１－６－３０,0438-40-1933,2022-02-07,False,True,"調剤薬局の営業日、営業時間のみ受付可能。
店舗の前に駐車場がありますので到着後に電話を一度頂ければ幸いです。"
200,木更津市,株式会社ＨＯＳ,アステル薬局 無料PCR検査センター　木更津,1,292-0831,千葉県木更津市富士見１-２-１　スパークルシティ木更津　1階 A1-6,050-8883-9570,2022-05-20,True,True,オンライン検査も可能
201,木更津市,クラフト株式会社,さくら薬局　木更津万石店,1,292-0003,千葉県木更津市万石143-1,0438-40-1077,2022-04-06,False,True,13時～15時で対応可能
202,木更津市,医療法人社団潮新会,医療法人社団潮新会潮見整形外科内科クリニック,3,292-0834,千葉県木更津市潮見3丁目11-14,0438-53-8808,2022-04-21,True,False,日曜日を除いて実施予定。
203,木更津市,榎本医院,木更津請西東PCR検査場,3,292-0806,千葉県木更津市請西東８丁目１－１,0438-97-0580,2022-05-01,True,True,"ドライブスルーでの検査も実施
受付時間
平日 　　 8:30～18:30
土曜日　10:00～19:00　　　　　　日祝        10:00～18:00"
204,木更津市,日本調剤株式会社,日本調剤 すごう薬局,1,292-0036,千葉県木更津市菅生734-2,0438-30-5380,2022-05-25,False,True,"店舗の営業日、営業時間のみ対応（各店舗の情報は以下の店舗情報よりご確認ください）。https://www.nicho.co.jp/tenpo/
土、日、祝日は対応しておりません。混雑時または検査キットの在庫状況によっては予約をお断りすることがあります。必ず事前に電話予約をした上でご来局ください。"
205,木更津市,ルナドクター株式会社,木更津駅前ＰＣＲ検査センター,2,292-0831,千葉県木更津市富士見1-2-1 スパークルシティ木更津Ｂ館B1-1区画,050-3551-5567,2022-05-22,True,True,"年中無休、混雑時は整理券制。
時間：9:00-13:00"
206,松戸市,ウエルシア薬局株式会社,ウエルシア薬局松戸古ヶ崎店,1,271-0068,千葉県松戸市古ヶ崎４－３５７９,047-703-3348,2021-12-24,True,True,"調剤薬局の営業日、営業時間のみ受付可能。2月14日から、ウエルシア薬局のホームページより検査の予約ができるようになります。
https://www.welcia-yakkyoku.co.jp/"
207,松戸市,ウエルシア薬局株式会社,ウエルシア薬局松戸五香店,1,270-2213,千葉県松戸市五香４－２１－１,047-311-8035,2021-12-24,True,True,"調剤薬局の営業日、営業時間のみ受付可能。2月14日から、ウエルシア薬局のホームページより検査の予約ができるようになります。
https://www.welcia-yakkyoku.co.jp/"
208,松戸市,ウエルシア薬局株式会社,ウエルシア薬局松戸五香西店,1,270-2218,千葉県松戸市五香西２－３７－１,047-394-0532,2021-12-24,True,True,"調剤薬局の営業日、営業時間のみ受付可能。2月14日から、ウエルシア薬局のホームページより検査の予約ができるようになります。
https://www.welcia-yakkyoku.co.jp/"
209,松戸市,ウエルシア薬局株式会社,ウエルシア松戸元山薬局,1,270-2212,千葉県松戸市五香南１－１－５,047-706-2413,2021-12-24,True,True,"調剤薬局の営業日、営業時間のみ受付可能。2月14日から、ウエルシア薬局のホームページより検査の予約ができるようになります。
https://www.welcia-yakkyoku.co.jp/"
210,松戸市,ウエルシア薬局株式会社,ウエルシア松戸高塚薬局,1,270-2222,千葉県松戸市高塚新田２３２,047-312-7760,2021-12-24,True,True,"調剤薬局の営業日、営業時間のみ受付可能。2月14日から、ウエルシア薬局のホームページより検査の予約ができるようになります。
https://www.welcia-yakkyoku.co.jp/"
211,松戸市,ウエルシア薬局株式会社,ウエルシア薬局松戸高塚２号店,1,270-2222,千葉県松戸市高塚新田２５１－１２,047-392-5805,2021-12-24,True,True,"調剤薬局の営業日、営業時間のみ受付可能。2月14日から、ウエルシア薬局のホームページより検査の予約ができるようになります。
https://www.welcia-yakkyoku.co.jp/"
212,松戸市,ウエルシア薬局株式会社,ウエルシア薬局ダイエー松戸西口店,1,271-0077,千葉県松戸市根本４－２,047-312-3583,2021-12-24,True,True,"調剤薬局の営業日、営業時間のみ受付可能。2月14日から、ウエルシア薬局のホームページより検査の予約ができるようになります。
https://www.welcia-yakkyoku.co.jp/"
213,松戸市,ウエルシア薬局株式会社,ウエルシア薬局松戸駅東口店,1,271-0092,千葉県松戸市松戸１１７７－１,047-367-0609,2021-12-24,True,True,"調剤薬局の営業日、営業時間のみ受付可能。2月14日から、ウエルシア薬局のホームページより検査の予約ができるようになります。
https://www.welcia-yakkyoku.co.jp/"
214,松戸市,ウエルシア薬局株式会社,ウエルシア薬局常盤平店,1,270-2261,千葉県松戸市常盤平４－８－１９,047-394-6462,2021-12-24,True,True,"調剤薬局の営業日、営業時間のみ受付可能。2月14日から、ウエルシア薬局のホームページより検査の予約ができるようになります。
https://www.welcia-yakkyoku.co.jp/"
215,松戸市,ウエルシア薬局株式会社,ウエルシア松戸牧の原薬局,1,270-2261,千葉県松戸市常盤平６－２８－７,047-311-0111,2021-12-24,True,True,"調剤薬局の営業日、営業時間のみ受付可能。2月14日から、ウエルシア薬局のホームページより検査の予約ができるようになります。
https://www.welcia-yakkyoku.co.jp/"
216,松戸市,ウエルシア薬局株式会社,ウエルシア薬局馬橋駅西口店,1,271-0046,千葉県松戸市西馬橋蔵元町６番地,047-346-5531,2021-12-24,True,True,"調剤薬局の営業日、営業時間のみ受付可能。2月14日から、ウエルシア薬局のホームページより検査の予約ができるようになります。
https://www.welcia-yakkyoku.co.jp/"
217,松戸市,ウエルシア薬局株式会社,ウエルシア薬局松戸樋野口店,1,271-0067,千葉県松戸市樋野口９３２番地の１,047-308-2145,2021-12-24,True,True,"調剤薬局の営業日、営業時間のみ受付可能。2月14日から、ウエルシア薬局のホームページより検査の予約ができるようになります。
https://www.welcia-yakkyoku.co.jp/"
218,松戸市,ウエルシア薬局株式会社,ウエルシア薬局松戸駅西口店,1,271-0091,千葉県松戸市本町１９－１７　松戸本町第１ビル　１階,047-331-1731,2021-12-24,True,True,"調剤薬局の営業日、営業時間のみ受付可能。2月14日から、ウエルシア薬局のホームページより検査の予約ができるようになります。
https://www.welcia-yakkyoku.co.jp/"
219,松戸市,ウエルシア薬局株式会社,ウエルシア薬局松戸六高台店,1,270-2203,千葉県松戸市六高台７－２０－１,047-394-5288,2021-12-24,True,True,"調剤薬局の営業日、営業時間のみ受付可能。2月14日から、ウエルシア薬局のホームページより検査の予約ができるようになります。
https://www.welcia-yakkyoku.co.jp/"
220,松戸市,株式会社千葉薬品,ヤックスドラッグ二十世紀が丘薬局,1,271-0084,松戸市二十世紀が丘丸山町130,047-712-1631,2022-01-07,True,True,調剤薬局の営業日、営業時間のみ受付可能。
221,松戸市,株式会社千葉薬品,ヤックスドラッグ松戸五香薬局,1,270-2213,松戸市五香2-21-8,047-712-0704,2022-01-07,True,True,調剤薬局の営業日、営業時間のみ受付可能。
222,松戸市,株式会社千葉薬品,ヤックスドラッグ八柱薬局,1,270-2252,松戸市千駄堀1487-3,047-710-7291,2022-01-07,True,True,調剤薬局の営業日、営業時間のみ受付可能。
223,松戸市,クラフト株式会社,さくら薬局　松戸駅前店,1,271-0092,千葉県松戸市松戸1178,047-308-6431,2022-01-18,False,True,13時-15時の間
224,松戸市,イントロン株式会社,イントロン薬局松戸店,1,270-2203,千葉県松戸市六高台7-28-1,047-382-6462,2022-01-19,True,True,月火水木金土　9：00～18：00
225,松戸市,株式会社トモズ,薬局トモズグリーンマークシティ松戸新田店,1,270-2241,千葉県松戸市松戸新田245-26,047-330-2201,2022-01-21,True,True,"【PCR検査等・抗原定性検査】
月～金：　9：30　～　19：30
土　　：　9：30　～　19：30
日・祝：　9：30　～　19：30"
226,松戸市,"株式会社PROUMED
医療法人社団　同仁会診療所",くすりの福太郎千駄堀店,1,270-2252,松戸市千駄堀1113番6,047-345-2229,2022-01-26,True,True,店舗の営業時間に準ずる
227,松戸市,"株式会社PROUMED
医療法人社団　同仁会診療所",くすりの福太郎常盤平１丁目店,1,270-2261,松戸市常盤平1丁目2番12号,047-394-5429,2022-01-26,True,True,店舗の営業時間に準ずる
228,松戸市,株式会社サンドラッグ,サンドラッグ六高台薬局　　　　,1,270-2203,千葉県松戸市六高台8-136-1,047-703-8910,2022-02-07,True,True,"・受検可能な時間帯
　月～金　（ＰＣＲ・抗原）１０：００～１２：００　/（抗原）１５：００～１８：００
　土　　　（抗原）１０：００～１２：００　/（抗原）１５：００～１８：００
　※日曜日・祝日は実施不可。
・ＰＣＲ検査は結果通知が検体採取日の翌々日になることがあります。
・薬局内の密集を回避するため1日当り及び同一時間帯の受検者を制限して実施します。
（状況に応じて当日の時間帯を指定した整理券配布対応とします。）"
229,松戸市,株式会社　あさひ調剤,アイン薬局 五香店,1,270-2213,松戸市五香8-39五香ｽｸｰﾙﾊｲﾂ１F,047-394-1193,2022-03-07,False,True,"3月7日開始予定
■ご連絡ください　実施曜日・時間
火曜・金曜の14：00～15：00
ドライブスルーにて対応"
230,松戸市,株式会社アインファーマシーズ,アイン薬局千葉西店,1,270-2251,千葉県松戸市金ケ作89-5,047-700-5891,2022-03-09,False,True,店舗の営業時間に準ずる定休日（日曜、祝日）は対応不可。店舗営業日の12～18時まで対応。来局前に電話連絡をお願いします。お車での来局が難しい方はご相談下さい。
231,松戸市,株式会社富士薬品,ドラッグセイムス東松戸薬局,1,270-2225,千葉県松戸市東松戸4-1-1,047-312-8571,2022-03-09,False,True,"電話での予約受付はしておりません
調剤薬局の営業時間のみ受付
受付曜日：月～土
受付時間：10:00～17:00"
232,松戸市,ライフエンタープライズ株式会社,ハーブランド薬局松戸店,1,271-0092,千葉県松戸市松戸1293-2　小川ビル1階,047-308-6086,2022-03-15,True,True,"受付時間：月～金曜日の11時～14時
必ず事前にお電話にてご連絡の上来局ください。"
233,松戸市,ライフエンタープライズ株式会社,ハーブランド薬局東松戸店,1,270-2225,千葉県松戸市東松戸3-7-19,047-312-8787,2022-03-15,True,True,"※ドライブスルー実施のみ
受付時間：月～金曜日の11時～14時
必ず事前にお電話にてご連絡の上来局ください。"
234,松戸市,ファイヤークリニック,Checkup Centerよつば　松戸店,3,271-0092,千葉県松戸市松戸2160-2,03-4500-1775,2022-03-12,True,False,"年中無休
医療機関による検査のため、確定診断がでる
唾液検査のため、検査30分前のご飲食は控えて頂く"
235,松戸市,ルナドクター株式会社,松戸駅前PCR検査センター,2,271-0091,千葉県松戸市本町1-12　日発ビル４F,050-3699-5607,2022-03-16,True,True,"年中無休、整理券制。
以下ＨＰには非公開にて　訪問検査とオンライン方式は今後実施の可能性があります。"
236,松戸市,一般社団法人厚生会,PCR検査センター秋山,3,270-2223,千葉県松戸市秋山1-9-18,047-369-7850,2022-04-25,False,True,定休日無し　
237,松戸市,医療法人社団潮新会,新松戸駅前クリニック,3,270-0034,千葉県松戸市新松戸1丁目367-3浅野ビル4F,047-340-5551,2022-04-21,True,False,日曜日を除いて実施予定。
238,松戸市,有限会社　ボイス,松戸西薬局,1,271-0092,千葉県松戸市松戸2044,047-361-7577,2022-05-09,True,True,"月曜日～金曜日　10:00～12:30　14:00～18：30　　土曜日　10:00～12：30　
御来局前にお電話ください。　
担当者直通：080-1088-8877　（山崎）"
239,松戸市,日本調剤株式会社,日本調剤 新松戸薬局,1,270-0034,"千葉県松戸市新松戸1-407
岡本ビル１階",047-309-3751,2022-05-25,False,True,"店舗の営業日、営業時間のみ対応（各店舗の情報は以下の店舗情報よりご確認ください）。https://www.nicho.co.jp/tenpo/
土、日、祝日は対応しておりません。混雑時または検査キットの在庫状況によっては予約をお断りすることがあります。必ず事前に電話予約をした上でご来局ください。"
240,松戸市,株式会社ファーマみらい,共創未来 新松戸薬局,1,270-0034,千葉県松戸市新松戸1-411,047-348-2237,2022-05-30,False,True,"月～金曜日　9時～10時、13時～14時　対応。
　来局前にお電話下さい。可能な日時をご相談させて頂きます。"
241,松戸市,クオール株式会社　クオール薬局はなみずき店,クオール薬局はなみずき店,1,271-0051,千葉県松戸市馬橋3239,047-309-2500,2022-06-01,False,True,"月・火・水・金：１３時～１４時
木：１０時～１６時
ご来局前に予めご連絡ください。"
242,松戸市,クオール株式会社　クオール薬局松戸店,クオール薬局松戸店,1,270-2252,千葉県松戸市千駄堀1024-7,047-711-8189,2022-06-01,False,True,"月～金：９時～１０時
ご来局前に予めご連絡ください。"
243,松戸市,株式会社Ｋコーポレーション,田辺薬局　新松戸西店,1,270-0034,松戸市新松戸６－３９,047-312-1355,2022-06-10,False,True,月曜日～金曜日　13:00～15:00／17:00～18:00実施　ご来局前にあらかじめ電話でお問合せ下さい。（047-312-1355)
244,松戸市,株式会社ウィーズ,薬局おくすり本舗　20世紀が丘店,1,271-0083,千葉県松戸市二十世紀が丘梨元町25-3,047-391-4061 ,2022-06-11,False,True,ドライブスルー方式にて対応　水曜、祝日実施不可
245,松戸市,株式会社ウィーズ,薬局おくすり本舗　八柱店,1,270-2253,松戸市日暮1-16-2 日暮ビル 1F,047-710-7128,2022-06-11,False,True,日曜、祝日実施不可
246,松戸市,メディカルコム株式会社,ふくろう薬局　松戸店,1,271-0092,千葉県松戸市松戸1072-12,047-365-5200,2022-06-11,False,True,木曜日・日曜日・祝日　実施不可
247,松戸市,ﾄﾗﾝﾌﾟ・ﾃﾞﾊﾟｰﾄﾒﾝﾄ株式会社,PCR検査ｾﾝﾀｰ東京ﾗﾎﾞ,3,270-8555,千葉県松戸市新松戸3丁目2-1,03-6807-7860,2022-06-13,True,True,"当日対応可。
PCR,抗原検査は毎日9時から17時まで受付
通知方法①ｲﾝﾀｰﾈｯﾄ経由、メール等での通知。
            ②ｲﾝﾀｰﾈｯﾄを使用できない方等への検査結果通知は受検時に受検者様に郵送先を郵送用封筒に記入していただき検査結果通知書を郵送する。受検者様の希望があれば受け渡しも可　
検査方法等詳細はお電話にてご確認ください。"
248,野田市,ウエルシア薬局株式会社,ウエルシア薬局野田七光台店,1,278-0051,千葉県野田市七光台４－２,04-7127-8850,2021-12-24,True,True,"調剤薬局の営業日、営業時間のみ受付可能。2月14日から、ウエルシア薬局のホームページより検査の予約ができるようになります。
https://www.welcia-yakkyoku.co.jp/"
249,野田市,ウエルシア薬局株式会社,ウエルシア薬局野田関宿店,1,270-0222,千葉県野田市木間ヶ瀬６７５－１,0471-98-2931,2021-12-24,True,True,"調剤薬局の営業日、営業時間のみ受付可能。2月14日から、ウエルシア薬局のホームページより検査の予約ができるようになります。
https://www.welcia-yakkyoku.co.jp/"
250,野田市,クラフト株式会社,さくら薬局野田横内店,1,278-0004,千葉県野田市横内35-1,04-7120-0423,2022-01-18,False,True,"月～金：15時～17時
土：15時～16時"
251,野田市,株式会社クスリのアオキホールディングス,クスリのアオキ尾崎薬局,1,270-0235,千葉県野田市尾崎66番地の1,04-7157-2267,2022-01-26,True,True,"月～金　9:00-18:00（薬局　04-7157-2267）
上記以外の時間帯（店舗　04-7199-3151）
よくあるご質問はクスリのアオキHPにてご確認をお願い致します。"
252,野田市,"株式会社PROUMED
医療法人社団　同仁会診療所",くすりの福太郎野田山崎店,1,278-0029,野田市山崎新町1-12,04-7189-8529,2022-01-26,True,True,店舗の営業時間に準ずる
253,野田市,株式会社アインファーマシーズ,アイン薬局野田店,1,278-0037,千葉県野田市野田1225-27,04-7126-2911,2022-03-09,False,True,自家用車内でのみ実施します。日曜日、祝日は実施不可。来局前にお電話ください。
254,野田市,株式会社　スギ薬局,スギ薬局　野田愛宕店,1,278-0037,千葉県野田市野田836番地,04-7125-2121,2022-03-10,True,True,"検査可能時間
9:00-22:00"
255,野田市,株式会社メタボスクリーン,コロナバスター・野田店,2,270-0211,野田市東高野85-8,080-7588-2975,2022-03-11,True,False,月曜～日曜　10:00～18:00
256,野田市,薬樹株式会社 薬樹薬局　野田,薬樹薬局　野田,1,270-0237,千葉県野田市中里1564番地の5,04-7129-0300,2022-05-24,True,False,"月火水木金の14：00～16：00は実施可能。土曜、日曜、祭日は実施不可。
検査をご希望の方は事前にお電話にてご連絡をお願いいたします。
なお、薬局の店頭での予約受付は承っておりませんので連絡先にお問合せをお願いいたします。
電話番号：046-271-7233"
257,野田市,株式会社ウィーズ千葉,アイティオー野田薬局,1,278-0033,千葉県野田市上花輪862,04-7124-2210,2022-06-11,False,True,ドライブスルー方式にて対応。木曜日・日曜日・祝日　実施不可
258,茂原市,ウエルシア薬局株式会社,ウエルシア薬局茂原ライフガーデン店,1,297-0012,千葉県茂原市六ツ野２７８５－１,0475-20-0600,2021-12-24,True,True,"調剤薬局の営業日、営業時間のみ受付可能。2月14日から、ウエルシア薬局のホームページより検査の予約ができるようになります。
https://www.welcia-yakkyoku.co.jp/"
259,茂原市,株式会社千葉薬品,ヤックスドラッグ茂原谷本薬局,1,297-0011,茂原市谷本1810-1,0475-27-1301,2022-01-07,True,True,調剤薬局の営業日、営業時間のみ受付可能。
260,茂原市,株式会社千葉薬品,ヤックスドラッグ茂原早野薬局,1,297-0037,茂原市早野1046-1,0475-36-3022,2022-01-07,True,True,調剤薬局の営業日、営業時間のみ受付可能。
261,茂原市,株式会社千葉薬品,ヤックスドラッグ茂原高師薬局,1,297-0021,茂原市高師町2-13-2,0475-36-7731,2022-01-07,True,True,調剤薬局の営業日、営業時間のみ受付可能。
262,茂原市,株式会社クスリのアオキホールディングス,クスリのアオキ東郷薬局,1,297-0017,千葉県茂原市東郷1617番地,0475-36-7820,2022-01-26,True,True,"月～金　9:00-18:00（薬局　0475-36-7820）
上記以外の時間帯（店舗　0475-36-3442）
よくあるご質問はクスリのアオキHPにてご確認をお願い致します。"
263,茂原市,株式会社ツルハ,調剤薬局ツルハドラッグ茂原店,1,297-0012,千葉県茂原市六ツ野3870,0475-20-0250,2022-01-20,True,True,
264,茂原市,株式会社ツルハ,調剤薬局ツルハドラッグ本納店,1,299-4113,千葉県茂原市法目2420-1,0475-30-5522,2022-01-20,True,True,
265,茂原市,株式会社ツルハ,調剤薬局ツルハドラッグ早野店,1,297-0055,千葉県茂原市綱島885-1,0475-36-5125,2022-01-20,True,True,
266,茂原市,木村歯科医院,木村歯科医院,3,297-0026,千葉県茂原市茂原316,070-8329-8060,2022-03-09,True,False,実施は診察をおこなっている時間のみ可能です。
267,茂原市,クラフト株式会社,さくら薬局　茂原店,1,297-0029,千葉県茂原市高師1012,0475-25-8772,2022-04-06,False,True,月・火・水・金：13～15時　事前電話必要
268,茂原市,株式会社ウィーズ,和代薬局,1,297-0065,千葉県茂原市緑ヶ丘4-2-5,0475-20-1081 ,2022-06-11,False,True,ドライブスルー方式にて対応　木、日曜、祝日実施不可
269,成田市,ウエルシア薬局株式会社,ウエルシア薬局イオンモール成田店,1,286-0029,千葉県成田市ウイング土屋２４　イオンモール成田２Ｆ,0476-85-7591,2021-12-24,True,True,"調剤薬局の営業日、営業時間のみ受付可能。2月14日から、ウエルシア薬局のホームページより検査の予約ができるようになります。
https://www.welcia-yakkyoku.co.jp/"
270,成田市,ウエルシア薬局株式会社,ウエルシア薬局成田公津の杜店,1,286-0048,千葉県成田市公津の杜３－２６－３,0476-27-4535,2021-12-24,True,True,"調剤薬局の営業日、営業時間のみ受付可能。2月14日から、ウエルシア薬局のホームページより検査の予約ができるようになります。
https://www.welcia-yakkyoku.co.jp/"
271,成田市,株式会社千葉薬品,ヤックスドラッグ成田飯田町薬局,1,286-0011,千葉県成田市飯田町2-92吉野屋第二ビル,0476-23-5766,2022-01-07,True,True,調剤薬局の営業日、営業時間のみ受付可能。
272,成田市,"医療法人社団瞳治会 
たもつ眼科",たもつ眼科,3,286-0048,千葉県成田市公津の杜２－１７－５,0476-28-1113,2022-04-19,False,True,土日は検査できません
273,成田市,有限会社ウエルストン薬局,有限会社ウエルストン薬局,1,286-0035,千葉県成田市馬橋３－２２,0476-22-8300,2022-05-16,False,True,"検査受付時間13:00～15:00
土・日・木・祝日は実施不可
ドライブスルー方式のみ"
274,成田市,株式会社ウィーズ千葉,そらいろ薬局,1,286-0047,千葉県成田市江弁須487-35,0476-20-8550,2022-06-11,False,True,木曜日・日曜日・祝日　実施不可
275,成田市,株式会社ウィーズ,サンリツ薬局　美郷台店,1,"
286-0013
 ",千葉県成田市美郷台1-13-6,0476-23-4848,2022-06-11,False,True,ドライブスルー方式にて対応　木、日曜、祝日実施不可
276,佐倉市,ウエルシア薬局株式会社,ウエルシア薬局ユーカリが丘２号店,1,285-0858,千葉県佐倉市ユ－カリが丘３－３－１３,043-460-8878,2021-12-24,True,True,"調剤薬局の営業日、営業時間のみ受付可能。2月14日から、ウエルシア薬局のホームページより検査の予約ができるようになります。
https://www.welcia-yakkyoku.co.jp/"
277,佐倉市,ウエルシア薬局株式会社,ウエルシア薬局佐倉王子台店,1,285-0837,千葉県佐倉市王子台４－１４－１,043-460-0591,2021-12-24,True,True,"調剤薬局の営業日、営業時間のみ受付可能。2月14日から、ウエルシア薬局のホームページより検査の予約ができるようになります。
https://www.welcia-yakkyoku.co.jp/"
278,佐倉市,ウエルシア薬局株式会社,ウエルシア薬局佐倉寺崎店,1,285-0818,千葉県佐倉市寺崎北１－７－３,043-483-7611,2021-12-24,True,True,"調剤薬局の営業日、営業時間のみ受付可能。2月14日から、ウエルシア薬局のホームページより検査の予約ができるようになります。
https://www.welcia-yakkyoku.co.jp/"
279,佐倉市,ウエルシア薬局株式会社,ウエルシア薬局佐倉小竹店,1,252-0203,千葉県佐倉市小竹669番地1　,043-460-0178,2021-12-24,True,True,"調剤薬局の営業日、営業時間のみ受付可能。2月14日から、ウエルシア薬局のホームページより検査の予約ができるようになります。
https://www.welcia-yakkyoku.co.jp/"
280,佐倉市,ウエルシア薬局株式会社,ウエルシア薬局ユーカリが丘店,1,285-0854,千葉県佐倉市上座５８８－１９,043-460-9331,2021-12-24,True,True,"調剤薬局の営業日、営業時間のみ受付可能。2月14日から、ウエルシア薬局のホームページより検査の予約ができるようになります。
https://www.welcia-yakkyoku.co.jp/"
281,佐倉市,ウエルシア薬局株式会社,ウエルシア薬局佐倉志津店,1,285-0846,千葉県佐倉市上志津１６０２－１,043-463-5015,2021-12-24,True,True,"調剤薬局の営業日、営業時間のみ受付可能。2月14日から、ウエルシア薬局のホームページより検査の予約ができるようになります。
https://www.welcia-yakkyoku.co.jp/"
282,佐倉市,ウエルシア薬局株式会社,ウエルシア薬局佐倉西志津店,1,285-0845,千葉県佐倉市西志津２－２２－４８,043-464-0711,2021-12-24,True,True,"調剤薬局の営業日、営業時間のみ受付可能。2月14日から、ウエルシア薬局のホームページより検査の予約ができるようになります。
https://www.welcia-yakkyoku.co.jp/"
283,佐倉市,ウエルシア薬局株式会社,ウエルシア薬局佐倉染井野店,1,285-0831,千葉県佐倉市染井野３－３９－１,043-460-2886,2021-12-24,True,True,"調剤薬局の営業日、営業時間のみ受付可能。2月14日から、ウエルシア薬局のホームページより検査の予約ができるようになります。
https://www.welcia-yakkyoku.co.jp/"
284,佐倉市,ウエルシア薬局株式会社,ウエルシア薬局佐倉鏑木店,1,285-0025,千葉県佐倉市鏑木町字仲田４０６－３,043-481-0570,2021-12-24,True,True,"調剤薬局の営業日、営業時間のみ受付可能。2月14日から、ウエルシア薬局のホームページより検査の予約ができるようになります。
https://www.welcia-yakkyoku.co.jp/"
285,佐倉市,株式会社千葉薬品,ヤックスドラッグ佐倉山王薬局,1,285-0807,佐倉市山王1-9-3,043-483-8101,2022-01-07,True,True,調剤薬局の営業日、営業時間のみ受付可能。
286,佐倉市,株式会社千葉薬品,ヤックスドラッグ佐倉寺崎薬局,1,285-0818,佐倉市寺崎北2-2-1,043-497-6513,2022-01-07,True,True,調剤薬局の営業日、営業時間のみ受付可能。
287,佐倉市,日本調剤株式会社,日本調剤 ユーカリ薬局,1,285-0858,"千葉県佐倉市ユーカリが丘4-1-1
ウエストタワー２階",043-463-1601,2022-01-17,True,True,弊社予約サイト（https://www.nicho.co.jp/pharmacy/covid19/pcrtest/free/）より事前申込みの上ご来局ください。日曜：実施不可　検査対応時間：15:00～18:00。電話でのお問い合わせはご遠慮ください。検査キットの入荷状況により予約をお断りすることがあります。
288,佐倉市,クラフト株式会社,さくら薬局佐倉南ユーカリが丘店,1,285-0859,千葉県佐倉南ﾕｰｶﾘが丘1-1ｽｶｲﾌﾟﾗｻﾞ･ｽﾃｰｼｮﾝﾀﾜｰ1F,043-460-2567,2022-01-18,False,True,14時-16時の間(日、祝日は対象外）
289,佐倉市,クラフト株式会社,さくら薬局佐倉王子台店,1,285-0837,千葉県佐倉市王子台3-6-14,043-463-1222,2022-01-18,False,True,13時-15時の間
290,佐倉市,イントロン株式会社,小江戸薬局佐倉店,1,285-0014,"千葉県佐倉市栄町21-15
ファミール佐倉１F",043-483-6650,2022-01-19,True,True,"月火水木金　9：00～18：30
土　9：00～18：00"
291,佐倉市,株式会社クスリのアオキホールディングス,クスリのアオキ井野薬局,1,285-0855,千葉県佐倉市井野1387番地2,043-312-7186,2022-01-26,True,True,"月～金　9:00-18:00　土　9:00-13:00（薬局　043-312-7186）
上記以外の時間帯（店舗　043-312-7914）
よくあるご質問はクスリのアオキHPにてご確認をお願い致します。"
292,佐倉市,"株式会社PROUMED
医療法人社団　同仁会診療所",くすりの福太郎うすい駅前店,1,285-0837,"佐倉市王子台3-1-8
うめやﾋﾞﾙ１F",043-460-1153,2022-01-26,True,True,店舗の営業時間に準ずる
293,佐倉市,"株式会社PROUMED
医療法人社団　同仁会診療所",くすりの福太郎ユーカリが丘店,1,285-0858,佐倉市ユーカリが丘4-1-1　ｽｶｲﾌﾟﾗｻﾞﾓｰﾙ1階,043-463-2729,2022-01-26,True,True,店舗の営業時間に準ずる
294,佐倉市,医療法人社団七海会,志津駅南口センター,3,285-0846,千葉県佐倉市上志津1663-19,080-9465-7055,2022-03-28,True,True,"営業日：土曜日のみ(13時〜18時)
７月２日臨時休業"
295,佐倉市,医療法人社団コアラの杜,医療法人社団コアラの杜セントルーククリニックユーカリが丘,3,285-0850,千葉県佐倉市西ユーカリが丘4-1-21,043-460-6625,2022-04-25,True,False,木曜日、日曜日、祝日は休診日の為、実施不可
296,佐倉市,株式会社グランデヤスダ,にこにこ薬局本店,1,285-0837,千葉県佐倉市王子台3-2-9,043-312-2233,2022-05-01,False,True,"月曜日～金曜日は10:00～17:00まで。土曜日は10:00～16:00まで。
ドライブスルー方式の為、事前に電話にてご連絡下さい。"
297,佐倉市,有限会社ファルマシアヤスダ,表町薬局,1,285-0811,千葉県佐倉市表町3-19-7,043-483-2377,2022-05-01,False,True,ドライブスルー方式
298,佐倉市,日本調剤株式会社,日本調剤 下志津薬局,1,285-0841,千葉県佐倉市下志津596-1-1,043-460-7621,2022-05-25,False,True,"店舗の営業日、営業時間のみ対応（各店舗の情報は以下の店舗情報よりご確認ください）。https://www.nicho.co.jp/tenpo/
土、日、祝日は対応しておりません。混雑時または検査キットの在庫状況によっては予約をお断りすることがあります。必ず事前に電話予約をした上でご来局ください。"
299,佐倉市,日本調剤株式会社,日本調剤 そめい野薬局,1,285-0831,千葉県佐倉市染井野5-29-3,043-460-1581,2022-05-25,False,True,"店舗の営業日、営業時間のみ対応（各店舗の情報は以下の店舗情報よりご確認ください）。https://www.nicho.co.jp/tenpo/
土、日、祝日は対応しておりません。混雑時または検査キットの在庫状況によっては予約をお断りすることがあります。必ず事前に電話予約をした上でご来局ください。"
300,佐倉市,日本調剤株式会社,日本調剤 志津薬局,1,285-0846,千葉県佐倉市上志津1663-8,043-460-4430,2022-05-25,False,True,"店舗の営業日、営業時間のみ対応（各店舗の情報は以下の店舗情報よりご確認ください）。https://www.nicho.co.jp/tenpo/
土、日、祝日は対応しておりません。混雑時または検査キットの在庫状況によっては予約をお断りすることがあります。必ず事前に電話予約をした上でご来局ください。"
301,東金市,ウエルシア薬局株式会社,ウエルシア薬局東金押堀店,1,283-0065,千葉県東金市押堀３３,0475-50-0275,2021-12-24,True,True,"調剤薬局の営業日、営業時間のみ受付可能。2月14日から、ウエルシア薬局のホームページより検査の予約ができるようになります。
https://www.welcia-yakkyoku.co.jp/"
302,東金市,株式会社千葉薬品,ヤックスドラッグ東金新町薬局,1,283-0005,東金市田間13-9,0475-78-5573,2022-01-07,True,True,調剤薬局の営業日、営業時間のみ受付可能。
303,東金市,さくら薬局株式会社,すみれ薬局　季美の森店,1,283-0823,東金市山田669-50,0475-78-3981,2022-01-12,False,True,平日9：00から17：00、土9：00から12：00で対応可能
304,東金市,株式会社アインファーマシーズ,アイン薬局　東千葉店,1,283-0826,千葉県東金市丘山台3丁目6番地2,0475-77-7231,2022-03-05,False,True,水・金曜日　16時～18時実施。来局前には電話連絡をお願いします。
305,東金市,さくら薬局株式会社,すみれ薬局　東金店,1,283-0066,千葉県東金市南上宿5-34-4,0475-50-1667,2022-04-06,False,True,平日　13時～15時
306,東金市,クラフト株式会社,さくら薬局　東金南上宿店,1,283-0066,千葉県東金市南上宿41-15,0475-53-5271,2022-04-06,False,True,月～水・金・第2～5土：13～15時
307,東金市,有限会社松屋薬局,有限会社松屋薬局,1,283-0067,千葉県東金市東上宿16-14,0475-55-0058,2022-06-07,False,True,土曜日（16～17時）のみ対応可能。
308,東金市,株式会社キャリアAHナビ,あさひ薬局,1,283-0062,千葉県東金市家徳37-10,0475-50-8080,2022-06-11,False,True,ドライブスルー
309,旭市,株式会社千葉薬品,ヤックスドラッグ飯岡薬局,1,289-2712,旭市横根字瀬戸3502-1,0479-50-6116,2022-01-07,True,True,調剤薬局の営業日、営業時間のみ受付可能。
310,旭市,株式会社千葉薬品,ヤックスドラッグ旭薬局中央病院前店,1,298-2511,旭市イ字京六沼1413-1,0479-85-6631,2022-01-07,True,True,調剤薬局の営業日、営業時間のみ受付可能。
311,旭市,株式会社千葉薬品,ヤックスドラッグ旭中央薬局,1,289-2516,旭市口谷近304-1,0479-60-1311,2022-01-07,True,True,調剤薬局の営業日、営業時間のみ受付可能。
312,旭市,株式会社千葉薬品,ヤックスケアタウン旭入野薬局,1,289-0515,旭市入野703-1,0479-74-7093,2022-01-07,True,True,調剤薬局の営業日、営業時間のみ受付可能。
313,旭市,株式会社千葉薬品,ヤックスドラッグ旭萬力薬局,1,289-0517,旭市萬力2917-14,0479-85-5993,2022-01-07,True,True,調剤薬局の営業日、営業時間のみ受付可能。
314,旭市,日本調剤株式会社,日本調剤 旭病院前薬局,1,289-2511,千葉県旭市イ１４１９－１,0479-62-6670,2022-01-17,True,True,弊社予約サイト（https://www.nicho.co.jp/pharmacy/covid19/pcrtest/free/）より事前申込みの上ご来局ください。土曜、日曜は対応不可。対応時間：9:00～18:00（曜日によって対応できない時間帯があります）電話でのお問い合わせはご遠慮下さい。検査キットの入荷状況により予約をお断りすることがあります。
315,旭市,株式会社ファーメスト,とまと薬局旭店,1,289-2511,千葉県旭市イ1638-4,0479-85-6672,2022-01-20,True,True,"土曜・日曜・祝祭日は店舗休業日につき、終日実施不可。
検査受付可能時間は、店舗営業日の9：00～17：00まで。"
316,旭市,株式会社クスリのアオキホールディングス,クスリのアオキ旭中央薬局,1,289-2516,千葉県旭市ロの137番地3,0479-85-5275,2022-01-26,True,True,"月～金　9:00-18:00（薬局　0479-85-5275）
上記以外の時間帯（店舗　0479-85-5270）
よくあるご質問はクスリのアオキHPにてご確認をお願い致します。"
317,旭市,日本調剤株式会社,日本調剤 旭薬局,1,289-2511,千葉県旭市イの1469,0479-62-6711,2022-05-25,False,True,"店舗の営業日、営業時間のみ対応（各店舗の情報は以下の店舗情報よりご確認ください）。https://www.nicho.co.jp/tenpo/
土、日、祝日は対応しておりません。混雑時または検査キットの在庫状況によっては予約をお断りすることがあります。必ず事前に電話予約をした上でご来局ください。"
318,習志野市,ウエルシア薬局株式会社,ウエルシア薬局習志野実籾店,1,275-0001,千葉県習志野市東習志野３－１－２４,047-403-9952,2021-12-24,True,True,"調剤薬局の営業日、営業時間のみ受付可能。2月14日から、ウエルシア薬局のホームページより検査の予約ができるようになります。
https://www.welcia-yakkyoku.co.jp/"
319,習志野市,日本調剤株式会社,日本調剤 谷津薬局,1,275-0026,千葉県習志野市谷津４－６－１９,047-408-3901,2022-01-19,True,True,弊社予約サイト（https://www.nicho.co.jp/pharmacy/covid19/pcrtest/free/）より事前申込みの上ご来局ください。日曜：実施不可　検査対応時間：14:00～16:30（曜日によって対応できない時間帯があります）電話でのお問い合わせはご遠慮下さい。検査キットの入荷状況により予約をお断りすることがあります。
320,習志野市,"株式会社PROUMED
医療法人社団　同仁会診療所",くすりの福太郎実籾店,1,275-0002,習志野市実籾5-2-12　,047-479-3929,2022-01-26,True,True,店舗の営業時間に準ずる
321,習志野市,"株式会社PROUMED
医療法人社団　同仁会診療所",くすりの福太郎津田沼南口店,1,275-0028,習志野市奏の杜一丁目12番3号　ＭFビル1F,047-455-7129,2022-01-26,True,True,店舗の営業時間に準ずる
322,習志野市,クラフト株式会社,さくら薬局　津田沼駅前店,1,275-0016,千葉県習志野市津田沼1-2-9第2織戸ビル1階,047-455-7131,2022-04-06,False,True,13時-15時の間　事前電話必要
323,習志野市,株式会社アインファーマシーズ,アイン薬局習志野店,1,275-0006,千葉県習志野市泉町3-1-5　ファーストエイド24-1,047-470-1291,2022-03-19,False,True,"平日は実施不可。土曜日：15時～18時で実施。
来局前に電話連絡をお願いします。"
324,柏市,ウエルシア薬局株式会社,ウエルシア薬局柏しいの木台店,1,277-0945,千葉県柏市しいの木台２－１,047-330-6500,2021-12-24,True,True,"調剤薬局の営業日、営業時間のみ受付可能。2月14日から、ウエルシア薬局のホームページより検査の予約ができるようになります。
https://www.welcia-yakkyoku.co.jp/"
325,柏市,ウエルシア薬局株式会社,ウエルシア薬局柏酒井根店,1,277-0053,千葉県柏市酒井根２－３７－５,04-7170-5146,2021-12-24,True,True,"調剤薬局の営業日、営業時間のみ受付可能。2月14日から、ウエルシア薬局のホームページより検査の予約ができるようになります。
https://www.welcia-yakkyoku.co.jp/"
326,柏市,ウエルシア薬局株式会社,ウエルシア薬局沼南店,1,277-0922,千葉県柏市大島田３０５－５,04-7193-3516,2021-12-24,True,True,"調剤薬局の営業日、営業時間のみ受付可能。2月14日から、ウエルシア薬局のホームページより検査の予約ができるようになります。
https://www.welcia-yakkyoku.co.jp/"
327,柏市,ウエルシア薬局株式会社,ウエルシア薬局柏中原店,1,277-0085,千葉県柏市中原1814-1,04-7164-2662,2021-12-24,True,True,"調剤薬局の営業日、営業時間のみ受付可能。2月14日から、ウエルシア薬局のホームページより検査の予約ができるようになります。
https://www.welcia-yakkyoku.co.jp/"
328,柏市,ウエルシア薬局株式会社,ウエルシア薬局柏の葉キャンパス店,1,277-0873,千葉県柏市中十余二３９７－１　中央１８２街区３,04-7137-3017,2021-12-24,True,True,"調剤薬局の営業日、営業時間のみ受付可能。2月14日から、ウエルシア薬局のホームページより検査の予約ができるようになります。
https://www.welcia-yakkyoku.co.jp/"
329,柏市,ウエルシア薬局株式会社,ウエルシア薬局柏南増尾店,1,277-0054,千葉県柏市南増尾８－３－３１,04-7160-7620,2021-12-24,True,True,"調剤薬局の営業日、営業時間のみ受付可能。2月14日から、ウエルシア薬局のホームページより検査の予約ができるようになります。
https://www.welcia-yakkyoku.co.jp/"
330,柏市,ウエルシア薬局株式会社,ウエルシア薬局南柏駅西口店,1,277-0855,千葉県柏市南柏１－８－１６,04-7141-6374,2021-12-24,True,True,"調剤薬局の営業日、営業時間のみ受付可能。2月14日から、ウエルシア薬局のホームページより検査の予約ができるようになります。
https://www.welcia-yakkyoku.co.jp/"
331,柏市,ウエルシア薬局株式会社,ウエルシア薬局南柏店,1,277-0863,千葉県柏市豊四季８１６－１４,04-7160-7898,2021-12-24,True,True,"調剤薬局の営業日、営業時間のみ受付可能。2月14日から、ウエルシア薬局のホームページより検査の予約ができるようになります。
https://www.welcia-yakkyoku.co.jp/"
332,柏市,ウエルシア薬局株式会社,ウエルシア薬局北柏店,1,277-0832,千葉県柏市北柏４－３－１２,04-7160-2752,2021-12-24,True,True,"調剤薬局の営業日、営業時間のみ受付可能。2月14日から、ウエルシア薬局のホームページより検査の予約ができるようになります。
https://www.welcia-yakkyoku.co.jp/"
333,柏市,ウエルシア薬局株式会社,ウエルシア薬局柏名戸ヶ谷店,1,277-0032,千葉県柏市名戸ケ谷８５７－２,04-7165-7776,2021-12-24,True,True,"調剤薬局の営業日、営業時間のみ受付可能。2月14日から、ウエルシア薬局のホームページより検査の予約ができるようになります。
https://www.welcia-yakkyoku.co.jp/"
334,柏市,株式会社千葉薬品,ヤックスドラッグ北柏薬局,1,277-0004,柏市柏下158,04-7197-5570,2022-01-07,True,True,調剤薬局の営業日、営業時間のみ受付可能。
335,柏市,株式会社千葉薬品,ヤックスドラッグ柏光ヶ丘薬局,1,277-0065,柏市光ヶ丘2-23-1,04-7189-8891,2022-01-07,True,True,調剤薬局の営業日、営業時間のみ受付可能。
336,柏市,株式会社千葉薬品,ヤックスドラッグ柏たなか薬局,1,277-0803,柏市小青田5-1-1,04-7193-8391,2022-01-07,True,True,調剤薬局の営業日、営業時間のみ受付可能。
337,柏市,医療法人社団宏生会クリニック柏の葉,医療法人社団宏生会クリニック柏の葉,3,277-0882,千葉県柏市柏の葉3-1-34,04-7132-8881,2022-01-11,True,False,"木曜日、日曜日、祝日は休診日にて実施不可。全検査をドライブスルーにて、鼻咽頭ぬぐい液によるPCR検査にて実施いたします。
医療保険における行政検査と同レベルの検査精度です。
受付時間：午前検査　月、火、水、金、土　午前９時～１１：３０（当日結果判明・電子的結果報告）
　午後検査　月、火、金　　　　　午後３時～４時（翌日午前中結果判明・電子的結果報告）
検査申し込みの方は、当院HPお知らせ欄「発熱外来の受診方法【早見表】」をご覧ください。
https://cl-kashiwanoha.jp/
陽性者はすぐに、公的報告を実施いたします。"
338,柏市,イオンリテール株式会社,イオン薬局柏店,1,277-0854,千葉県柏市豊町2-5-25,04-7142-5000,2022-01-17,False,True,"ＰＣＲ検査は準備出来次第対応予定
検査時間は11時～17時"
339,柏市,イントロン株式会社,イントロン薬局柏店,1,277-0856,千葉県柏市新富町1-2-34,04-7196-6725,2022-01-19,True,True,"月火木金　9：00～18：00
土　9:00～13:00"
340,柏市,株式会社豊四季ファーマシー,薬局おおたかの森,1,277-0863,千葉県柏市豊四季114-12,04-7107-0001,2022-01-24,False,True,開局時間「(月)～(金)9:00～18:00、(土)9:00～14:00」にて受付しております。検査を希望される方は、お電話にて事前にご連絡をお願いいたします。
341,柏市,株式会社クスリのアオキホールディングス,クスリのアオキ花野井薬局,1,277-0812,千葉県柏市花野井89番地,04-7136-7286,2022-01-26,True,True,"月～金　9:00-18:00（薬局　04-7136-7286）
上記以外の時間帯（店舗　04-7136-7617）
よくあるご質問はクスリのアオキHPにてご確認をお願い致します。"
342,柏市,株式会社クスリのアオキホールディングス,クスリのアオキ大山台薬局,1,277-0837,千葉県柏市大山台一丁目36番地,04-7192-7730,2022-01-26,True,True,"月～金　9:00-18:00（薬局　04-7192-7730）
上記以外の時間帯（店舗　04-7192-6701）
よくあるご質問はクスリのアオキHPにてご確認をお願い致します。"
343,柏市,株式会社クスリのアオキホールディングス,クスリのアオキ南増尾薬局,1,277-0054,千葉県柏市南増尾7丁目13番26号,04-7199-9745,2022-01-26,True,True,"月～金　9:00-18:00　土　9:00-13:00（薬局　04-7199-9745）
上記以外の時間帯（店舗　04-7199-9731）
よくあるご質問はクスリのアオキHPにてご確認をお願い致します。"
344,柏市,株式会社　スギ薬局,スギ薬局　柏豊四季店,1,277-0863,千葉県柏市豊四季227番地1,04-7141-7810,2022-01-25,True,True,抗原検査　月～日曜日実施可
345,柏市,"株式会社PROUMED
医療法人社団　同仁会診療所",くすりの福太郎増尾店,1,277-0033,柏市増尾1-1-1,04-7174-1129,2022-01-26,True,True,店舗の営業時間に準ずる
346,柏市,"株式会社PROUMED
医療法人社団　同仁会診療所",くすりの福太郎新柏店,1,277-0084,柏市新柏1-12-5,04-7170-1459,2022-01-26,True,True,店舗の営業時間に準ずる
347,柏市,株式会社サンドラッグ,サンドラッグ柏松葉町薬局　　,1,277-0827,千葉県柏市松葉町2-15-1,04-7132-1470,2022-02-07,True,True,"・受検可能な時間帯
　月～金　（ＰＣＲ・抗原）９：３０～１５：００　/（抗原）１５：００～１８：００ 
　土　　　（抗原）９：３０～１５：００　/（抗原）１５：００～１８：００ 
　日・祝　（抗原）１０：００～１３：００　/１５：００～１８：００　
・ＰＣＲ検査は結果通知が検体採取日の翌々日になることがあります。
・薬局内の密集を回避するため1日当り及び同一時間帯の受検者を制限して実施します。
（状況に応じて当日の時間帯を指定した整理券配布対応とします。）"
348,柏市,株式会社　あさひ調剤,アイン薬局 名戸ヶ谷店,1,277-0085,柏市中原字名戸ケ谷前1816-1,04-7163-3515,2022-03-07,False,True,"3月7日開始予定
■ご連絡ください　実施曜日・時間
火曜・金曜の14：00～15：00
ドライブスルーにて対応"
349,柏市,株式会社　あさひ調剤,アイン薬局 名戸ヶ谷2号店,1,277-0085,柏市中原字名戸ケ谷前1814-3,04-7168-4193,2022-03-07,False,True,"3月7日開始予定
■ご連絡ください　実施曜日・時間
火曜・金曜の14：00～15：00
ドライブスルーにて対応"
350,柏市,株式会社アインファーマシーズ,けんこう薬局,1,277-0004,千葉県柏市柏下１５３－２,04-7168-8911,2022-03-19,False,True,"自家用車で来局できる方のみ実施（月曜日：9時から12時　土曜日：15じから16時）
ドライブスルー様式にて実施。追加設備は特になし。"
351,柏市,株式会社アインファーマシーズ,アイン薬局　柏末広店,1,277-0842,千葉県柏市末広町9-14,04-7148-7200,2022-03-11,False,True,木曜日午後以外は実施不可。木曜日が祝日の場合も実施不可。木曜日14時～16時で実施。来局前には電話連絡をお願いします。
352,柏市,株式会社アインファーマシーズ,やまなみ薬局　松ヶ崎店,1,277-0837,千葉県柏市大山台２－１０,04-7137-0123,2022-03-19,False,True,"自家用車で来局できる方のみ実施(木曜日・１３：３０～１４：３０)
ドライブスルー方式にて実施、来局前に電話連絡をお願いします。"
353,柏市,株式会社アインファーマシーズ,やまなみ薬局　柏店,1,277-0004,千葉県柏市柏下１５４,04-7168-8180,2022-03-15,False,True,自家用車で来局出来る方のみ実施（月曜日：9時～12時　土曜日：15時～16時）来局前に電話連絡をお願いします。ドライブスルーにて対応
354,柏市,株式会社アインファーマシーズ　アイン薬局柏駅前店,アイン薬局柏駅前店,1,277-0842,千葉県柏市末広町9-4小竹ビル1階,04-7142-3171,2022-03-17,False,True,"木曜日　14：00～17：00のみ対応
来局前に予めご連絡ください。"
355,柏市,株式会社　スギ薬局,スギ薬局　柏豊四季店,1,277-0863,千葉県柏市豊四季227番地1,04-7141-7810,2022-01-25,True,True,抗原検査　1月17日～　月～日曜日実施可
356,柏市,株式会社メディカルサポート　奥祖谷パール薬局,千葉柏検査ステーション,1,277-0932,千葉県柏市藤ヶ谷新田 29-1（および周辺大駐車場）,0120-115-670,2022-03-12,False,True,【予約不要です！】地図、営業時間、混雑度など最新情報は　https://kensa-station.com/kashiwa/　をご確認ください
357,柏市,ライフエンタープライズ株式会社,ハーブランド薬局沼南店,1,277-0921,千葉県柏市大津ヶ丘2-25-5,04-7160-6682,2022-03-15,True,True,"受付時間：月～金曜日の13時～15時
必ず事前にお電話にてご連絡の上来局ください。"
358,柏市,ライフエンタープライズ株式会社,ハーブランド薬局南柏店,1,277-0075,千葉県柏市南柏中央3-10,04-7160-0082,2022-03-15,True,True,"受付時間：月～金曜日の11時～14時
必ず事前にお電話にてご連絡の上来局ください。"
359,柏市,ワイズ株式会社,つなぐ薬局　柏さくら台,1,277-0012,千葉県柏市桜台2-1,04-7103-1312,2022-03-09,False,True,月曜日～金曜日　来局前に電話連絡をお願いします。
360,柏市,メディカルリリー株式会社,タカダ薬局しいの木台店,1,277-0945,千葉県柏市しいの木台5-25-7,047-710-0752,2022-03-14,True,True,祝日・その他薬局の定休日は店舗での実施不可。
361,柏市,さくら薬局株式会社,ファンイズムハート薬局,1,277-0832,千葉県柏市北柏3-1-2　寺田ビル1F,04-7162-2601,2022-04-06,False,True,平日9：00から19：00で対応可能
362,柏市,クラフト株式会社,さくら薬局　柏下店,1,277-0004,千葉県柏市柏下字東155,04-7160-2530,2022-04-06,False,True,月・火・金・土　15～17時　事前電話必要
363,柏市,株式会社ピカパカ,ピカパカPCRクイック検査センター　柏駅前店,2,277-0842,千葉県柏市末広町8‐18　田口ビル4階,03-6820-2355,2022-04-25,True,True,抗原検査は4月中旬より対応
364,柏市,一般社団法人厚生会,PCR検査センター増尾台,3,277-0052,千葉県柏市増尾台2-30-1,04-7157-1110,2022-04-25,False,True,定休日無し
365,柏市,株式会社 アイセイ薬局,アイセイ薬局　高柳店,1,277-0941,千葉県柏市高柳471-9,047-193-0056,2022-04-29,False,True,"平日のみ受付可能。
検査可能な時間帯は13:00～15:00となります。
検査を希望する場合は事前にお電話にて予約をお願い致します。
※検査希望の方には車でご来局いただき車内で検査していただく形を取っています。
"
366,柏市,日本調剤株式会社,日本調剤 旭町薬局,1,277-0852,千葉県柏市旭町1-4-11,04-7144-9752,2022-05-25,False,True,"店舗の営業日、営業時間のみ対応（各店舗の情報は以下の店舗情報よりご確認ください）。https://www.nicho.co.jp/tenpo/
土、日、祝日は対応しておりません。混雑時または検査キットの在庫状況によっては予約をお断りすることがあります。必ず事前に電話予約をした上でご来局ください。"
367,柏市,日本調剤株式会社,日本調剤 柏の葉薬局,1,277-0871,"千葉県柏市若柴227-6
柏の葉キャンパス147街区　E-1",04-7137-0451,2022-05-25,False,True,"店舗の営業日、営業時間のみ対応（各店舗の情報は以下の店舗情報よりご確認ください）。https://www.nicho.co.jp/tenpo/
土、日、祝日は対応しておりません。混雑時または検査キットの在庫状況によっては予約をお断りすることがあります。必ず事前に電話予約をした上でご来局ください。"
368,柏市,日本調剤株式会社,日本調剤 柏の葉公園薬局,1,277-0882,千葉県柏市柏の葉5-4-18,04-7137-2115,2022-05-25,False,True,"店舗の営業日、営業時間のみ対応（各店舗の情報は以下の店舗情報よりご確認ください）。https://www.nicho.co.jp/tenpo/
土、日、祝日は対応しておりません。混雑時または検査キットの在庫状況によっては予約をお断りすることがあります。必ず事前に電話予約をした上でご来局ください。"
369,柏市,日本調剤株式会社,日本調剤 柏中央薬局,1,277-0843,"千葉県柏市明原1-11-12
恩田コーポ２　101・102号",04-7197-6505,2022-05-25,False,True,"店舗の営業日、営業時間のみ対応（各店舗の情報は以下の店舗情報よりご確認ください）。https://www.nicho.co.jp/tenpo/
土、日、祝日は対応しておりません。混雑時または検査キットの在庫状況によっては予約をお断りすることがあります。必ず事前に電話予約をした上でご来局ください。"
370,柏市,合同会社ディー・オー・アイ,合同会社ディー・オー・アイ,2,277-0932,千葉県柏市藤ヶ谷新田29-1,0120-11-5670,2022-06-01,False,True,月曜日から日曜日まで毎日　10:00～20:00
371,柏市,クオール株式会社　クオール薬局花野井店,クオール薬局花野井店,1,277-0813,千葉県柏市大室1218-13,04-7136-7789,2022-06-01,False,True,"月・火・木・金：１３時～１４時
水：１３時～１６時
ご来局前に予めご連絡ください。"
372,柏市,クオール株式会社　クオール薬局柏の葉店,クオール薬局柏の葉店,1,277-0871,千葉県柏市若柴178-4柏の葉キャンパス148街区1B,04-7128-7589,2022-06-01,False,True,"月～金：１４時～１５時
ご来局前に予めご連絡ください。"
373,柏市,株式会社グラム,あさひ薬局,1,277-0004,千葉県柏市柏下276-5,04-7160-1011,2022-06-01,True,True,"駐車場にてドライブスルー方式
実施曜日：水・土曜日　　8：30～10：00、16：00～17：30"
374,柏市,株式会社グラム,オレンジ薬局,1,277-0004,千葉県柏市柏下278-1,04-7165-1650,2022-06-01,True,True,"店舗内にブースを1個設置する
実施曜日：月・火・木　9時～10時　15～17時"
375,柏市,株式会社ウィーズ千葉,くすのき薬局かしわ沼南店,1,277-0921,千葉県柏市大津ヶ丘1-45-6,04-7192-7685,2022-06-11,False,True,ドライブスルー方式にて対応。日曜日・祝日　実施不可
376,柏市,株式会社ウィーズ,サンリツ薬局　柏店,1,277-0005,千葉県柏市柏3-8-11-101,04-7160-3712,2022-06-11,False,True,火、日曜、祝日実施不可
377,勝浦市,株式会社ウィーズ千葉,フジヒラ薬局駅前店,1,299-5225,千葉県勝浦市墨名262-1,0470-73-8601,2022-06-11,False,True,ドライブスルー方式にて対応。木曜日・日曜日・祝日　実施不可
378,勝浦市,株式会社ウィーズ千葉,フジヒラ薬局若潮店,1,299-5225,千葉県勝浦市墨名485-123,0470-73-3841,2022-06-11,False,True,ドライブスルー方式にて対応。日曜日・祝日　実施不可
379,市原市,ウエルシア薬局株式会社,ウエルシア薬局市原ちはら台店,1,290-0141,千葉県市原市ちはら台東８－３－１,043-652-3161,2021-12-24,True,True,"調剤薬局の営業日、営業時間のみ受付可能。2月14日から、ウエルシア薬局のホームページより検査の予約ができるようになります。
https://www.welcia-yakkyoku.co.jp/"
380,市原市,ウエルシア薬局株式会社,ウエルシア薬局市原牛久店,1,290-0225,千葉県市原市牛久１０６６－１,0436-50-0866,2021-12-24,True,True,"調剤薬局の営業日、営業時間のみ受付可能。2月14日から、ウエルシア薬局のホームページより検査の予約ができるようになります。
https://www.welcia-yakkyoku.co.jp/"
381,市原市,ウエルシア薬局株式会社,ウエルシア薬局市原五井店,1,290-0056,千葉県市原市五井５４９２－２,0436-26-8281,2021-12-24,True,True,"調剤薬局の営業日、営業時間のみ受付可能。2月14日から、ウエルシア薬局のホームページより検査の予約ができるようになります。
https://www.welcia-yakkyoku.co.jp/"
382,市原市,ウエルシア薬局株式会社,ウエルシア薬局市原五井中央店,1,290-0054,千葉県市原市五井中央東２－２６－３,0436-20-9330,2021-12-24,True,True,"調剤薬局の営業日、営業時間のみ受付可能。2月14日から、ウエルシア薬局のホームページより検査の予約ができるようになります。
https://www.welcia-yakkyoku.co.jp/"
383,市原市,ウエルシア薬局株式会社,ウエルシア薬局市原五所店,1,290-0066,千葉県市原市五所1662番1,0436-42-0337,2021-12-24,True,True,"調剤薬局の営業日、営業時間のみ受付可能。2月14日から、ウエルシア薬局のホームページより検査の予約ができるようになります。
https://www.welcia-yakkyoku.co.jp/"
384,市原市,ウエルシア薬局株式会社,ウエルシア薬局市原光風台店,1,290-0255,千葉県市原市光風台２－４７０,0436-20-5370,2021-12-24,True,True,"調剤薬局の営業日、営業時間のみ受付可能。2月14日から、ウエルシア薬局のホームページより検査の予約ができるようになります。
https://www.welcia-yakkyoku.co.jp/"
385,市原市,ウエルシア薬局株式会社,ウエルシア薬局市原姉崎店,1,299-0111,千葉県市原市姉崎329番地,0436-62-0831,2021-12-24,True,True,"調剤薬局の営業日、営業時間のみ受付可能。2月14日から、ウエルシア薬局のホームページより検査の予約ができるようになります。
https://www.welcia-yakkyoku.co.jp/"
386,市原市,ウエルシア薬局株式会社,ウエルシア薬局市原青柳店,1,299-0102,千葉県市原市青柳字若宮５４２－１,0436-26-2330,2021-12-24,True,True,"調剤薬局の営業日、営業時間のみ受付可能。2月14日から、ウエルシア薬局のホームページより検査の予約ができるようになります。
https://www.welcia-yakkyoku.co.jp/"
387,市原市,ウエルシア薬局株式会社,ウエルシア薬局市原辰巳台店,1,290-0004,千葉県市原市辰巳台西２－５,0436-75-5263,2021-12-24,True,True,"調剤薬局の営業日、営業時間のみ受付可能。2月14日から、ウエルシア薬局のホームページより検査の予約ができるようになります。
https://www.welcia-yakkyoku.co.jp/"
388,市原市,ウエルシア薬局株式会社,ウエルシア薬局市原国分寺台店,1,290-0075,千葉県市原市南国分寺台４－１－１,0436-22-5250,2021-12-24,True,True,"調剤薬局の営業日、営業時間のみ受付可能。2月14日から、ウエルシア薬局のホームページより検査の予約ができるようになります。
https://www.welcia-yakkyoku.co.jp/"
389,市原市,ウエルシア薬局株式会社,ウエルシア薬局市原能満店,1,290-0011,千葉県市原市能満５－１,0436-41-5255,2021-12-24,True,True,"調剤薬局の営業日、営業時間のみ受付可能。2月14日から、ウエルシア薬局のホームページより検査の予約ができるようになります。
https://www.welcia-yakkyoku.co.jp/"
390,市原市,株式会社ジンリミテッド,おおはしタイム薬局,1,299-0110,千葉県市原市姉崎東２－１－２,0436-61-0250,2022-01-11,False,True,"令和4年1月11日より実施予定。
営業時間外は不可
営業時間：月～金　9：00～18：30　土　9：00～17：00
休業日：日曜・祝日"
391,市原市,株式会社千葉薬品,ヤックスドラッグ辰巳台薬局,1,290-0003,市原市辰巳台東2-15,0436-75-4706,2022-01-07,True,True,調剤薬局の営業日、営業時間のみ受付可能。
392,市原市,株式会社千葉薬品,ヤックスドラッグ姉崎薬局,1,299-0111,市原市姉崎2101,0436-63-1037,2022-01-07,True,True,調剤薬局の営業日、営業時間のみ受付可能。
393,市原市,株式会社千葉薬品,ヤックスドラッグ市原八幡薬局,1,290-0062,市原市八幡336-1,0436-37-6103,2022-01-07,True,True,調剤薬局の営業日、営業時間のみ受付可能。
394,市原市,株式会社千葉薬品,ヤックスドラッグ市原辰巳台薬局,1,290-0003,市原市辰巳台東1-1-1,0436-26-7125,2022-01-07,True,True,調剤薬局の営業日、営業時間のみ受付可能。
395,市原市,株式会社千葉薬品,ヤックスドラッグちはら台薬局,1,290-0142,市原市ちはら台南6-2,0436-37-6625,2022-01-07,True,True,調剤薬局の営業日、営業時間のみ受付可能。
396,市原市,さくら薬局株式会社,さくら薬局　菊間店,1,290-0007,千葉県市原市菊間1885-1,0436-43-0091,2022-01-12,False,True,平日　13時～15時
397,市原市,イントロン株式会社,アシカ薬局,1,290-0050,千葉県市原市更級2-5-3,0436-20-7611,2022-01-19,True,True,"月火木金　9：00～18：45
土　8：15～12：30
※第3土曜日定休日"
398,市原市,株式会社ツルハ,調剤薬局ツルハドラッグ市原五井店,1,290-0081,千葉県市原市五井中央西2-24-59,0436-98-4778,2022-01-20,True,True,
399,市原市,株式会社アインファーマシーズ,アイン薬局五井店,1,290-0056,千葉県市原市五井5168-3,0436-26-7128,2022-03-12,False,True,"平日は実施不可。土曜日：14時～16時で実施。
来局前に電話連絡をお願いします。"
400,市原市,株式会社富士薬品,ドラッグセイムス青葉台薬局,1,299-0117,千葉県市原市青葉台2-8-1,0436-60-8847,2022-03-09,False,True,"電話での予約受付はしておりません
調剤薬局の営業時間のみ受付
受付曜日：月～土
受付時間：9：30～17：00"
401,市原市,株式会社富士薬品,ドラッグセイムス姉崎薬局,1,299-0111,千葉県市原市姉崎329番地657-1,0436-63-2248,2022-03-09,False,True,"電話での予約受付はしておりません
調剤薬局の営業時間のみ受付
受付曜日：月～土
受付時間：9:00～17:00"
402,市原市,株式会社MESファシリティーズ,みつば薬局　辰巳東通り店,1,209-0003,千葉県市原市辰巳台東5-2-6,0436-98-3751,2022-03-09,True,False,日、祝日は実施不可。要事前連絡。ドライブスルーにて受付。
403,市原市,ルナドクター株式会社,五井駅前PCR検査センター,2,290-0081,千葉県市原市五井中央西1-21-19岡田ビル1階A,050-3395-7567,2022-04-09,True,True,"年中無休、混雑時は整理券制
時間：9:00-17:30"
404,市原市,株式会社岡本薬局,岡本薬局みなみ店,1,290-0081,千葉県市原市五井中央西1-20-9,0436-20-3731,2022-04-11,False,True,"検査実施日：月、火、水、金曜日（祝日は実施不可）。
検査実施時間：14時～17時。
事前にお電話ください。（密を避けるため）。"
405,市原市,株式会社クスリのアオキホールディングス,クスリのアオキ五井中央薬局,1,290-0056,千葉県市原市五井5411番地,0436-98-3120,2022-06-01,True,True,"対応可能時間　月～日　9:00～22:00
薬局営業時間外は研修を受けた検査管理者の元、検査対応可能"
406,市原市,株式会社メディトランセ,ICheckPCR検査センター 市原市役所会場,2,290-0073 ,千葉県市原市国分寺台中央１丁目１番地１市原市役所駐車場,03-6630-0636,2022-06-16,True,True,"～ 令和4年7月31日（日）　
※土日祝日休み
午前９時00分 ～ 午後1５時00分"
407,流山市,ウエルシア薬局株式会社,ウエルシア流山薬局,1,270-0176,千葉県流山市加１－１３－５,04-7150-1320,2021-12-24,True,True,"調剤薬局の営業日、営業時間のみ受付可能。2月14日から、ウエルシア薬局のホームページより検査の予約ができるようになります。
https://www.welcia-yakkyoku.co.jp/"
408,流山市,ウエルシア薬局株式会社,ウエルシア薬局流山向小金店,1,270-0143,千葉県流山市向小金２－１８４－５,04-7175-3705,2021-12-24,True,True,"調剤薬局の営業日、営業時間のみ受付可能。2月14日から、ウエルシア薬局のホームページより検査の予約ができるようになります。
https://www.welcia-yakkyoku.co.jp/"
409,流山市,ウエルシア薬局株式会社,ウエルシア薬局流山西初石店,1,270-0121,千葉県流山市西初石３－１２－５,04-7156-6570,2021-12-24,True,True,"調剤薬局の営業日、営業時間のみ受付可能。2月14日から、ウエルシア薬局のホームページより検査の予約ができるようになります。
https://www.welcia-yakkyoku.co.jp/"
410,流山市,ウエルシア薬局株式会社,ウエルシア薬局流山おおたかの森店,1,270-0121,千葉県流山市西初石５－９９－３,04-7178-2889,2021-12-24,True,True,"調剤薬局の営業日、営業時間のみ受付可能。2月14日から、ウエルシア薬局のホームページより検査の予約ができるようになります。
https://www.welcia-yakkyoku.co.jp/"
411,流山市,ウエルシア薬局株式会社,ウエルシア薬局流山西平井店,1,270-0156,千葉県流山市大字西平井１４４３,04-7150-2602,2021-12-24,True,True,"調剤薬局の営業日、営業時間のみ受付可能。2月14日から、ウエルシア薬局のホームページより検査の予約ができるようになります。
https://www.welcia-yakkyoku.co.jp/"
412,流山市,ウエルシア薬局株式会社,ウエルシア薬局流山美原店,1,270-0103,千葉県流山市美原３－９２－１,04-7153-6631,2021-12-24,True,True,"調剤薬局の営業日、営業時間のみ受付可能。2月14日から、ウエルシア薬局のホームページより検査の予約ができるようになります。
https://www.welcia-yakkyoku.co.jp/"
413,流山市,ウエルシア薬局株式会社,ウエルシア薬局流山野々下店,1,270-0135,千葉県流山市野－下３－７５６－１,04-7141-7030,2021-12-24,True,True,"調剤薬局の営業日、営業時間のみ受付可能。2月14日から、ウエルシア薬局のホームページより検査の予約ができるようになります。
https://www.welcia-yakkyoku.co.jp/"
414,流山市,"株式会社PROUMED
医療法人社団　同仁会診療所",くすりの福太郎南流山店,1,270-0163,"流山市南流山3-11-5
㈱秋元南流山ﾋﾞﾙ1F",04-7157-6522,2022-01-26,True,True,店舗の営業時間に準ずる
415,流山市,株式会社南山堂,南山堂薬局 南流山店,1,270-0163,千葉県流山市南流山4-1-15　南流山駅前ビル1階,04-7150-5331,2022-03-31,True,True,閉局時、検査管理者不在時は実施不可
416,流山市,株式会社富士薬品,ドラッグセイムス南流山薬局,1,270-0163,千葉県流山市南流山2-2-7　PRIMOビル,04-7158-6871,2022-03-09,False,True,"電話での予約受付はしておりません
調剤薬局の営業時間のみ受付
受付曜日：月～日
受付時間：9:00～17:00"
417,流山市,ライフエンタープライズ株式会社,ハーブランド薬局セントラルパーク店,1,270-0151,千葉県流山市後平井165,04-7157-8200,2022-03-15,True,True,"※ドライブスルー実施のみ
受付時間：月～金曜日の11時～14時
必ず事前にお電話にてご連絡の上来局ください。"
418,流山市,ライフエンタープライズ株式会社,ハーブランド薬局三ツ葉店,1,270-0145,千葉県流山市名都借300-5,04-7141-3008,2022-03-15,True,True,"※ドライブスルー実施のみ
受付時間：月～金曜日の10時～14時
必ず事前にお電話にてご連絡の上来局ください。"
419,流山市,さくら薬局株式会社,薬局ふろっぐ,1,270-0163,流山市南流山1-14-7　003号室,04-7157-8655,2022-04-06,False,True,水、木、金、日の15～17時
420,流山市,株式会社スクエアブルー,みそら薬局,1,270-0119,千葉県流山市おおたかの森北1-17-20,04-7156-0177,2022-04-09,False,True,"火曜日14：00～17：00
ご来局前に予めお電話ください。"
421,流山市,株式会社アオノ,アオノ薬局南流山店,1,270-0163,千葉県流山市南流山２－４－３－１０２,04-7199-7297,2022-05-01,False,True,"土曜日の15時30分～17時30分に実施。
事前に電話連絡必要"
422,八千代市,ウエルシア薬局株式会社,ウエルシア薬局勝田台店,1,276-0023,千葉県八千代市勝田台２丁目１２－２,047-487-1702,2021-12-24,True,True,"調剤薬局の営業日、営業時間のみ受付可能。2月14日から、ウエルシア薬局のホームページより検査の予約ができるようになります。
https://www.welcia-yakkyoku.co.jp/"
423,八千代市,ウエルシア薬局株式会社,ウエルシア薬局八千代緑が丘店,1,276-0046,千葉県八千代市大和田新田１０３１－１,047-480-3560,2021-12-24,True,True,"調剤薬局の営業日、営業時間のみ受付可能。2月14日から、ウエルシア薬局のホームページより検査の予約ができるようになります。
https://www.welcia-yakkyoku.co.jp/"
424,八千代市,ウエルシア薬局株式会社,ウエルシア薬局八千代大和田２号店,1,276-0046,千葉県八千代市大和田新田446番地47　,047-450-2130,2021-12-24,True,True,"調剤薬局の営業日、営業時間のみ受付可能。2月14日から、ウエルシア薬局のホームページより検査の予約ができるようになります。
https://www.welcia-yakkyoku.co.jp/"
425,八千代市,ウエルシア薬局株式会社,ウエルシア薬局八千代大和田店,1,276-0046,千葉県八千代市大和田新田字庚塚３４４－１,047-486-1820,2021-12-24,True,True,"調剤薬局の営業日、営業時間のみ受付可能。2月14日から、ウエルシア薬局のホームページより検査の予約ができるようになります。
https://www.welcia-yakkyoku.co.jp/"
426,八千代市,ウエルシア薬局株式会社,ウエルシア八千代台薬局,1,276-0034,千葉県八千代市八千代台西９－１－１６,047-484-2252,2021-12-24,True,True,"調剤薬局の営業日、営業時間のみ受付可能。2月14日から、ウエルシア薬局のホームページより検査の予約ができるようになります。
https://www.welcia-yakkyoku.co.jp/"
427,八千代市,ウエルシア薬局株式会社,ウエルシア薬局八千代台東店,1,276-0032,千葉県八千代市八千代台東２－７－１,047-480-6181,2021-12-24,True,True,"調剤薬局の営業日、営業時間のみ受付可能。2月14日から、ウエルシア薬局のホームページより検査の予約ができるようになります。
https://www.welcia-yakkyoku.co.jp/"
428,八千代市,株式会社千葉薬品,ヤックスドラッグ大和田薬局,1,276-0046,八千代市大和田新田326番6,047-455-3038,2022-01-07,True,True,調剤薬局の営業日、営業時間のみ受付可能。
429,八千代市,"株式会社PROUMED
医療法人社団　同仁会診療所",くすりの福太郎八千代高津店,1,276-0036,八千代市高津694-1,047-458-7929,2022-01-26,True,True,店舗の営業時間に準ずる
430,八千代市,株式会社アインファーマシーズ,アイン薬局新八千代店,1,276-0015,千葉県八千代市米本1545-21,047-480-5630,2022-03-18,False,True,"土曜日：15時～18時に実施。
来局前に電話連絡をお願いします。"
431,八千代市,株式会社　スギ薬局,スギ薬局　八千代中央店,1,276-0042,千葉県八千代市ゆりのき台三丁目5番3号,047-409-8165,2022-03-10,True,True,"検査可能時間
(平日)9:00-14:00、15:00-19:00
(土)　9:00-14:00
日祝は実施不可"
432,八千代市,クラフト株式会社,さくら薬局　八千代村上南店,1,276-0029,千葉県八千代市村上南5-5-18,047-405-7177,2022-04-06,False,True,平日月・火・木・金：13～16時
433,八千代市,株式会社ＡＡＡ,こだま薬局,1,276－0045,千葉県八千代市大和田1002－3,047－481－5088,2022-04-21,True,True,土曜日午後、日曜日は実施不可。
434,八千代市,日本調剤株式会社,日本調剤 八千代薬局,1,276-0046,千葉県八千代市大和田新田501-2,047-459-6831,2022-05-25,False,True,"店舗の営業日、営業時間のみ対応（各店舗の情報は以下の店舗情報よりご確認ください）。https://www.nicho.co.jp/tenpo/
土、日、祝日は対応しておりません。混雑時または検査キットの在庫状況によっては予約をお断りすることがあります。必ず事前に電話予約をした上でご来局ください。"
435,八千代市,薬樹株式会社 薬樹薬局　八千代,薬樹薬局　八千代,1,276-0022,千葉県八千代市上高野449番地21,047-487-6948,2022-05-24,True,False,"月火水木金の14：00～16：00は実施可能。土曜、日曜、祭日は実施不可。
検査をご希望の方は事前にお電話にてご連絡をお願いいたします。
なお、薬局の店頭での予約受付は承っておりませんので連絡先にお問合せをお願いいたします。
電話番号：046-271-7233"
436,八千代市,クオール株式会社　クオール薬局勝田台店,クオール薬局勝田台店,1,276-0023,千葉県八千代市勝田台1-28-5,047-480-9040,2022-06-01,False,True,"月・水・金：１４時～１５時
木：９時～１５時
ご来局前に予めご連絡ください。"
437,八千代市,株式会社メディトランセ,【PCRラボ】ICheck x nanoAce 八千代PCR検査場,2,276-0034,千葉県八千代市八千代台西5丁目1-1 　サンライズマンション101,047-405-5565,2022-06-11,True,False,"営業時間:10:00 〜 19:00 店休日:水曜日・日曜日　
ホームページURL：https://pcrlab.jp/
※複数店舗共通回線の為、電話は「無料検査の担当者」あてにおかけください。"
438,我孫子市,ウエルシア薬局株式会社,ウエルシア薬局我孫子下ヶ戸店,1,270-1138,千葉県我孫子市下ケ戸４７８－１,04-7165-2015,2021-12-24,True,True,"調剤薬局の営業日、営業時間のみ受付可能。2月14日から、ウエルシア薬局のホームページより検査の予約ができるようになります。
https://www.welcia-yakkyoku.co.jp/"
439,我孫子市,ウエルシア薬局株式会社,ウエルシア薬局我孫子若松店,1,270-1147,千葉県我孫子市若松１０２,04-7181-8818,2021-12-24,True,True,"調剤薬局の営業日、営業時間のみ受付可能。2月14日から、ウエルシア薬局のホームページより検査の予約ができるようになります。
https://www.welcia-yakkyoku.co.jp/"
440,我孫子市,ウエルシア薬局株式会社,ウエルシア薬局我孫子新木駅前店,1,270-1119,千葉県我孫子市南新木２丁目２番地の１,04-7187-7556,2021-12-24,True,True,"調剤薬局の営業日、営業時間のみ受付可能。2月14日から、ウエルシア薬局のホームページより検査の予約ができるようになります。
https://www.welcia-yakkyoku.co.jp/"
441,我孫子市,クラフト株式会社,柴崎薬局,1,270-1177,千葉県我孫子市柴崎1299-14,04-7182-1161,2022-01-18,False,True,13時-15時の間
442,我孫子市,"株式会社PROUMED
医療法人社団　同仁会診療所",くすりの福太郎天王台店,1,270-1143,我孫子市天王台2-10-7　ﾛｲﾔﾙﾊﾟﾚｽ天王台104,04-7183-3387,2022-01-26,True,True,店舗の営業時間に準ずる
443,我孫子市,"株式会社PROUMED
医療法人社団　同仁会診療所",くすりの福太郎天王台北口店,1,270-1176,我孫子市柴崎台1丁目8番1,04-7183-3829,2022-01-26,True,True,店舗の営業時間に準ずる
444,我孫子市,株式会社　あさひ調剤,アイン薬局 我孫子店,1,270-1166,我孫子市我孫子1860-4,04-7136-1493,2022-03-07,False,True,"3月7日開始予定
■ご連絡ください　実施曜日・時間木曜・金曜の14：00～15：00
ドライブスルーにて対応"
445,我孫子市,株式会社クリエイトエス・ディー,クリエイト薬局我孫子天王台店,1,270-1143,千葉県我孫子市天王台1-21-1,0120-994-046,2022-03-07,True,False,"3月7日開始予定
月～木10:00～16:00　金10:00～14:00　土日祝は実施不可　祝前日は10:00～14:00
スマートフォンでの登録が必要になります"
446,我孫子市,クラフト株式会社,さくら薬局　我孫子駅前店,1,270-1151,千葉県我孫子市本町2-4-3　弥生ビル1階,04-7186-3070,2022-04-06,False,True,13時-15時の間
447,我孫子市,日本調剤株式会社,日本調剤 我孫子薬局,1,270-1166,千葉県我孫子市我孫子1843-3,04-7184-8836,2022-05-25,False,True,"店舗の営業日、営業時間のみ対応（各店舗の情報は以下の店舗情報よりご確認ください）。https://www.nicho.co.jp/tenpo/
土、日、祝日は対応しておりません。混雑時または検査キットの在庫状況によっては予約をお断りすることがあります。必ず事前に電話予約をした上でご来局ください。"
448,我孫子市,クオール株式会社　クオール薬局天王台店,クオール薬局天王台店,1,270-1176,千葉県我孫子市柴崎台1-18-34,04-7165-6289,2022-06-01,False,True,"月～木：１４時～１５時
ご来局前に予めご連絡ください。"
449,鴨川市,ウエルシア薬局株式会社,ウエルシア薬局鴨川広場店,1,296-0044,千葉県鴨川市広場１０００－１,04-7098-3707,2021-12-24,True,True,"調剤薬局の営業日、営業時間のみ受付可能。2月14日から、ウエルシア薬局のホームページより検査の予約ができるようになります。
https://www.welcia-yakkyoku.co.jp/"
450,鴨川市,株式会社千葉薬品,ヤックスドラッグ鴨川薬局,1,296-0001,鴨川市横渚字鎌田105,04-7099-2121,2022-01-07,True,True,調剤薬局の営業日、営業時間のみ受付可能。
451,鴨川市, 榎本医院,鴨川警察署前PCR検査場,3,296-0001,千葉県鴨川市横渚1548-1,0439-29-6339,2022-05-18,True,True,"ドライブスルーでの検査も実施
受付時間
平日土    10:00～19:00
日祝　    10:00～18:00"
452,鴨川市,株式会社ウィーズ千葉,フジヒラ薬局鴨川店,1,296-0001,千葉県鴨川市横渚970-1,04-7092-1951,2022-06-11,False,True,ドライブスルー方式にて対応。日曜日・祝日　実施不可
453,鎌ケ谷市,ウエルシア薬局株式会社,ウエルシア薬局鎌ケ谷くぬぎ山店,1,273-0128,千葉県鎌ケ谷市くぬぎ山３－１４－１４,047-394-5107,2021-12-24,True,True,"調剤薬局の営業日、営業時間のみ受付可能。2月14日から、ウエルシア薬局のホームページより検査の予約ができるようになります。
https://www.welcia-yakkyoku.co.jp/"
454,鎌ケ谷市,ウエルシア薬局株式会社,ウエルシア薬局鎌ケ谷初富店,1,273-0123,千葉県鎌ケ谷市南初富３－１４－２,047-441-7126,2021-12-24,True,True,"調剤薬局の営業日、営業時間のみ受付可能。2月14日から、ウエルシア薬局のホームページより検査の予約ができるようになります。
https://www.welcia-yakkyoku.co.jp/"
455,鎌ケ谷市,ウエルシア薬局株式会社,ウエルシア薬局鎌ケ谷西佐津間店,1,273-0134,千葉県鎌ヶ谷市西佐津間1-24-33,047-446-4847,2021-12-24,True,True,"調剤薬局の営業日、営業時間のみ受付可能。2月14日から、ウエルシア薬局のホームページより検査の予約ができるようになります。
https://www.welcia-yakkyoku.co.jp/"
456,鎌ケ谷市,"株式会社PROUMED
医療法人社団　同仁会診療所",くすりの福太郎東鎌ケ谷店,1,273-0104,鎌ケ谷市東鎌ケ谷1-6,047-446-2029,2022-01-26,True,True,店舗の営業時間に準ずる
457,鎌ケ谷市,"株式会社PROUMED
医療法人社団　同仁会診療所",くすりの福太郎新鎌ケ谷南口店,1,273-0107,鎌ケ谷市新鎌ケ谷一丁目9番9号,047-441-3029,2022-01-26,True,True,店舗の営業時間に準ずる
458,鎌ケ谷市,"株式会社PROUMED
医療法人社団　同仁会診療所",くすりの福太郎鎌ヶ谷店,1,273-0137,千葉県鎌ケ谷市道野辺本町2-10-25,047-442-6829,2022-02-14,True,True,営業時間：店舗の営業時間に準ずる
459,鎌ケ谷市,クラフト株式会社,山口薬局,1,273-0121,千葉県鎌ケ谷市初富848-106,047-442-4820,2022-04-06,False,True,平日：10時-12時の間 事前電話必要
460,鎌ケ谷市,"株式会社PROUMED
医療法人社団　同仁会診療所",くすりの福太郎新鎌ケ谷店,2,273-0107 ,千葉県鎌ケ谷市新鎌ケ谷1丁目16-1　ムワトゥール1階,047-498-7529,2022-05-30,True,True,店舗の営業時間に準ずる
461,鎌ケ谷市,株式会社すずき,オリビエ薬局鎌ヶ谷店,1,273-0122,千葉県鎌ヶ谷市東初富6-9-48,047-401-3717,2022-06-06,False,True,"ドライブスルー方式
金曜日　12時～13時のみの実施　＊在庫確保のため047-401-3717へ連絡の上来局ください。"
462,君津市,ウエルシア薬局株式会社,ウエルシア薬局君津外箕輪店,1,299-1173,千葉県君津市外箕輪４－１－２２,043-950-9556,2021-12-24,True,True,"調剤薬局の営業日、営業時間のみ受付可能。2月14日から、ウエルシア薬局のホームページより検査の予約ができるようになります。
https://www.welcia-yakkyoku.co.jp/"
463,君津市,ウエルシア薬局株式会社,ウエルシア薬局君津西坂田店,1,299-1145,千葉県君津市西坂田１－３－７号,0439-50-3788,2021-12-24,True,True,"調剤薬局の営業日、営業時間のみ受付可能。2月14日から、ウエルシア薬局のホームページより検査の予約ができるようになります。
https://www.welcia-yakkyoku.co.jp/"
464,君津市,ウエルシア薬局株式会社,ウエルシア薬局君津中島店,1,299-1106,千葉県君津市中島２８５－３,0439-70-1151,2021-12-24,True,True,"調剤薬局の営業日、営業時間のみ受付可能。2月14日から、ウエルシア薬局のホームページより検査の予約ができるようになります。
https://www.welcia-yakkyoku.co.jp/"
465,君津市,株式会社千葉薬品,ヤックスドラッグ小櫃薬局,1,292-0451,君津市末吉1054-1,0439-32-1701,2022-01-07,True,True,調剤薬局の営業日、営業時間のみ受付可能。
466,君津市,株式会社ツルハ,調剤薬局ツルハドラッグ君津店,1,299-1162,千葉県君津市南子安6-5-17,043-954-2268,2022-01-20,True,True,
467,君津市,株式会社クリエイトエス・ディー,クリエイト薬局君津杢師店,1,299-1163,千葉県君津市杢師 1-14-22,0120-994-046,2022-03-07,True,False,"3月7日開始予定
月～木10:00～16:00　金10:00～14:00
土日祝は実施不可　祝前日は10:00～14:00"
468,君津市,榎本医院,君津ファーストビルPCR検査場,3,272-0143,千葉県君津市東坂田1-6-1　君津ファーストビル1階,0439-29-6339,2022-05-13,True,True,"受付時間
平日  10:00～17:30
休憩時間13:00～14:00　　　　　　土日祝   定休日"
469,君津市,株式会社ウィーズT,君津薬局　東坂田店,1,299-1144,千葉県君津市東坂田4-8-7,0439-50-0180,2022-06-11,False,True,日曜日・祝日　実施不可
470,富津市,ウエルシア薬局株式会社,ウエルシア薬局富津大貫店,1,293-0035,千葉県富津市西大和田１３４０,0439-80-5201,2021-12-24,True,True,"調剤薬局の営業日、営業時間のみ受付可能。2月14日から、ウエルシア薬局のホームページより検査の予約ができるようになります。
https://www.welcia-yakkyoku.co.jp/"
471,富津市,株式会社千葉薬品,ヤックスドラッグ富津大貫薬局,1,293-0036,富津市千種新田1244,0439-80-5690,2022-01-07,True,True,調剤薬局の営業日、営業時間のみ受付可能。
472,富津市,株式会社千葉薬品,ヤックスドラッグ上総湊薬局,1,299-1607,富津市湊14番5号,0439-29-7901,2022-02-16,True,True,調剤薬局の営業日、営業時間のみ受付可能。新規開局薬局につき2月11日より検査可能。要電話連絡。
473,浦安市,ウエルシア薬局株式会社,ウエルシア薬局浦安駅前店,1,279-0001,千葉県浦安市当代島１－１－２３,047-316-8648,2021-12-24,True,True,"調剤薬局の営業日、営業時間のみ受付可能。2月14日から、ウエルシア薬局のホームページより検査の予約ができるようになります。
https://www.welcia-yakkyoku.co.jp/"
474,浦安市,ウエルシア薬局株式会社,ウエルシア薬局浦安日の出店,1,279-0013,千葉県浦安市日の出５丁目７番９号,047-700-7083,2021-12-24,True,True,"調剤薬局の営業日、営業時間のみ受付可能。2月14日から、ウエルシア薬局のホームページより検査の予約ができるようになります。
https://www.welcia-yakkyoku.co.jp/"
475,浦安市,ウエルシア薬局株式会社,ウエルシア薬局ライフガーデン新浦安店,1,279-0021,千葉県浦安市富岡３－２－２,047-304-3753,2021-12-24,True,True,"調剤薬局の営業日、営業時間のみ受付可能。2月14日から、ウエルシア薬局のホームページより検査の予約ができるようになります。
https://www.welcia-yakkyoku.co.jp/"
476,浦安市,株式会社千葉薬品,ヤックスドラッグ浦安東野薬局,1,279-0042,浦安市東野3-4-11,047-712-8017,2022-01-07,True,True,調剤薬局の営業日、営業時間のみ受付可能。
477,浦安市,クラフト株式会社,さくら薬局　浦安店,1,279-0022,千葉県浦安市今川1-13-1,041-351-6711,2022-01-18,False,True,13時-16時の間、事前に電話連絡必要
478,浦安市,株式会社フラント,あいケア薬局浦安店,1,279-0003,千葉県浦安市海楽２－１－３,070-4234-2467,2022-01-31,True,False,実施日時：月ー金１３：００－１５：００
479,浦安市,"株式会社PROUMED
医療法人社団　同仁会診療所",くすりの福太郎浦安店,1,279-0001,浦安市当代島3-4-17,047-305-8080,2022-01-26,True,True,店舗の営業時間に準ずる
480,浦安市,田辺薬局株式会社,田辺薬局浦安高州店,1,279-0023,浦安市高洲３－１－２５,047-382-0293,2022-03-10,True,True,"月曜日～金曜日　13:00～15:00／17:00～18:00実施
ご来局前にあらかじめ電話でお問合せ下さい。
（047-382-0293）"
481,浦安市,株式会社アインファーマシーズ,アイン薬局　メディカルガーデン新浦安店,1,279-0013,千葉県浦安市日の出1-1-25,047-316-7477,2022-03-14,False,True,"火曜日17：00-18：00のみ対応
ご来局前に電話連絡をお願いします。"
482,浦安市,クラフト株式会社,さくら薬局　新浦安店,1,279-0022,千葉県浦安市今川1-1-33,047-329-2871,2022-04-06,False,True,平日：9時～10時、15時～16時　事前電話必須
483,浦安市,クラフト株式会社,さくら薬局　浦安当代島店,1,279-0001,千葉県浦安市当代島1-3-30ﾋﾞｯｸﾞｳｴｽﾄ浦安102,047-350-7373,2022-04-06,False,True,月・火・木・金　14時半～16時　事前電話必須
484,浦安市,一般社団法人厚生会,PCR検査センター富士見,3,279-0043,千葉県浦安市富士見1-2-24,047-711-3120,2022-04-25,False,True,定休日無し
485,浦安市,日本調剤株式会社,日本調剤 浦安中央薬局,1,279-0022,千葉県浦安市今川1-14-65,047-390-9593,2022-05-25,False,True,"店舗の営業日、営業時間のみ対応（各店舗の情報は以下の店舗情報よりご確認ください）。https://www.nicho.co.jp/tenpo/
土、日、祝日は対応しておりません。混雑時または検査キットの在庫状況によっては予約をお断りすることがあります。必ず事前に電話予約をした上でご来局ください。"
486,浦安市,日本調剤株式会社,日本調剤 新浦安薬局,1,279-0012,"千葉県浦安市入船1-4-1
イオン新浦安店７階",047-381-2078,2022-05-25,False,True,"店舗の営業日、営業時間のみ対応（各店舗の情報は以下の店舗情報よりご確認ください）。https://www.nicho.co.jp/tenpo/
土、日、祝日は対応しておりません。混雑時または検査キットの在庫状況によっては予約をお断りすることがあります。必ず事前に電話予約をした上でご来局ください。"
487,浦安市,日本調剤株式会社,日本調剤 浦安薬局,1,279-0001,"千葉県浦安市当代島1-4-1
第一西脇ビル１階",047-316-6711,2022-05-25,False,True,"店舗の営業日、営業時間のみ対応（各店舗の情報は以下の店舗情報よりご確認ください）。https://www.nicho.co.jp/tenpo/
土、日、祝日は対応しておりません。混雑時または検査キットの在庫状況によっては予約をお断りすることがあります。必ず事前に電話予約をした上でご来局ください。"
488,浦安市,株式会社ウィーズT,みんと薬局,1,279-0001,千葉県浦安市当代島3-3-25,047-390-8555,2022-06-11,False,True,日曜日・祝日　実施不可
489,浦安市,株式会社ウィーズT,ハーベスト薬局浦安店,1,279-0043,千葉県浦安市富士見2-18-2,047-316-0661,2022-06-11,False,True,日曜日・祝日　実施不可
490,浦安市,株式会社アポステータス,浦安東野薬局,1,279-0042,"千葉県浦安市東野3-4-1
アクロスプラザ浦安東野2F",047-712-8286,2022-06-13,False,True,火曜日・日曜日、祝日は実施不可　
491,四街道市,ウエルシア薬局株式会社,ウエルシア薬局四街道めいわ店,1,284-0043,千葉県四街道市めいわ３－１－１,043-433-7011,2021-12-24,True,True,"調剤薬局の営業日、営業時間のみ受付可能。2月14日から、ウエルシア薬局のホームページより検査の予約ができるようになります。
https://www.welcia-yakkyoku.co.jp/"
492,四街道市,ウエルシア薬局株式会社,ウエルシア薬局四街道もねの里店,1,284-0016,千葉県四街道市もねの里２－３７－１９,043-304-8027,2021-12-24,True,True,"調剤薬局の営業日、営業時間のみ受付可能。2月14日から、ウエルシア薬局のホームページより検査の予約ができるようになります。
https://www.welcia-yakkyoku.co.jp/"
493,四街道市,ウエルシア薬局株式会社,ウエルシア薬局四街道津の守店,1,284-0005,千葉県四街道市四街道１５３１－６,043-420-1067,2021-12-24,True,True,"調剤薬局の営業日、営業時間のみ受付可能。2月14日から、ウエルシア薬局のホームページより検査の予約ができるようになります。
https://www.welcia-yakkyoku.co.jp/"
494,四街道市,ウエルシア薬局株式会社,ウエルシア薬局四街道鹿渡店,1,284-0003,千葉県四街道市鹿渡１１２１番地１,043-433-3763,2021-12-24,True,True,"調剤薬局の営業日、営業時間のみ受付可能。2月14日から、ウエルシア薬局のホームページより検査の予約ができるようになります。
https://www.welcia-yakkyoku.co.jp/"
495,四街道市,ウエルシア薬局株式会社,ウエルシア薬局四街道大日店,1,284-0001,千葉県四街道市大日５４３－６,043-304-8288,2021-12-24,True,True,"調剤薬局の営業日、営業時間のみ受付可能。2月14日から、ウエルシア薬局のホームページより検査の予約ができるようになります。
https://www.welcia-yakkyoku.co.jp/"
496,四街道市,ウエルシア薬局株式会社,ウエルシア薬局四街道大日桜ケ丘店,1,284-0001,千葉県四街道市大日５４番地１１,043-420-0033,2021-12-24,True,True,"調剤薬局の営業日、営業時間のみ受付可能。2月14日から、ウエルシア薬局のホームページより検査の予約ができるようになります。
https://www.welcia-yakkyoku.co.jp/"
497,四街道市,株式会社千葉薬品,ヤックスドラッグ四街道薬局,1,284-0044,四街道市和良比269-5,043-312-0318,2022-01-07,True,True,調剤薬局の営業日、営業時間のみ受付可能。
498,四街道市,株式会社クスリのアオキホールディングス,クスリのアオキ四街道大日薬局,1,284-0001,千葉県四街道市大日389番地3,043-488-5064,2022-01-26,True,True,"月～金　9:00-19:00　土　9:00-18:00（薬局　043-488-5064）
上記以外の時間帯（店舗　043-420-8676）
よくあるご質問はクスリのアオキHPにてご確認をお願い致します。"
499,四街道市,株式会社クスリのアオキホールディングス,クスリのアオキ四街道千代田薬局,1,284-0015,千葉県四街道市千代田５丁目36番1号,043-488-6804,2022-01-26,True,True,"月～金　9:00-19:00　土　9:00-18:00（薬局　043-488-6804）
上記以外の時間帯（店舗　043-488-6845）
よくあるご質問はクスリのアオキHPにてご確認をお願い致します。"
500,袖ケ浦市,ウエルシア薬局株式会社,ウエルシア薬局袖ケ浦横田店,1,299-0236,千葉県袖ケ浦市千葉県袖ケ浦市横田２６３２番１,0438-75-7791,2021-12-24,True,True,"調剤薬局の営業日、営業時間のみ受付可能。2月14日から、ウエルシア薬局のホームページより検査の予約ができるようになります。
https://www.welcia-yakkyoku.co.jp/"
501,袖ケ浦市,ウエルシア薬局株式会社,ウエルシア薬局袖ケ浦奈良輪店,1,299-0263,千葉県袖ケ浦市奈良輪１４１６,0438-63-8101,2021-12-24,True,True,"調剤薬局の営業日、営業時間のみ受付可能。2月14日から、ウエルシア薬局のホームページより検査の予約ができるようになります。
https://www.welcia-yakkyoku.co.jp/"
502,袖ケ浦市,株式会社千葉薬品,ヤックスドラッグ袖ヶ浦薬局,1,299-0245,袖ヶ浦市蔵波台5-19-3,0438-60-8496,2022-01-07,True,True,調剤薬局の営業日、営業時間のみ受付可能。
503,袖ケ浦市,株式会社千葉薬品,ヤックスドラッグ横田薬局,1,299-0236,袖ヶ浦市横田1210,0438-97-5026,2022-01-07,True,True,調剤薬局の営業日、営業時間のみ受付可能。
504,袖ケ浦市,有限会社　なりまつ薬品,なりまつ薬品　さつき台薬局,1,299-0246,千葉県袖ケ浦市長浦駅前2-2-11,0438-63-5858,2022-01-19,False,True,調剤薬局の営業日、営業時間のみ受付可能。
505,袖ケ浦市,株式会社クスリのアオキホールディングス,クスリのアオキ神納薬局,1,299-0263,千葉県袖ケ浦市奈良輪249番地1,0438-97-6303,2022-01-26,True,True,"月～金　9:00-18:00（薬局　0438-97-6303）
上記以外の時間帯（店舗　0438-97-5505）
よくあるご質問はクスリのアオキHPにてご確認をお願い致します。"
506,袖ケ浦市,株式会社クスリのアオキホールディングス,クスリのアオキのぞみ野薬局,1,299-0251,千葉県袖ケ浦市のぞみ野70番地3,0438-38-6500,2022-01-26,True,True,"月～金　9:00-18:00（薬局　0438-38-6500）
上記以外の時間帯（店舗　0438-97-6661）
よくあるご質問はクスリのアオキHPにてご確認をお願い致します。"
507,袖ケ浦市,株式会社ウィーズ,サンリツ薬局　長浦店,1,299-0245,千葉県袖ケ浦市蔵波台5-19-5,0438-60-8350,2022-06-11,False,True,ドライブスルー方式にて対応　日曜、祝日実施不可
508,八街市,株式会社千葉薬品,ヤックスドラッグ八街東薬局,1,289-1104,八街市文違301-3836,043-309-7880,2022-01-07,True,True,調剤薬局の営業日、営業時間のみ受付可能。
509,八街市,クラフト株式会社,さくら薬局　八街店,1,289-1115,千葉県八街市八街ほ823-6,043-444-6134,2022-01-18,False,True,月・火・水・金：13～15時
510,八街市,株式会社クスリのアオキホールディングス,クスリのアオキ八街文違薬局,1,289-1104,千葉県八街市文違301番地4779,043-309-6596,2022-01-26,True,True,"月～金　9:00-18:00（薬局　043-309-6596）
上記以外の時間帯（店舗　043-309-7607）
よくあるご質問はクスリのアオキHPにてご確認をお願い致します。"
511,八街市,梅澤薬局,梅澤薬局　八街店,1,289-1107,千葉県八街市八街は20-7,043-444-2574,2022-03-08,True,True,水曜日、日曜日、祭日は実施不可　営業時間内で実施
512,八街市,クオール株式会社　クオール薬局八街店,クオール薬局八街店,1,289-1104,千葉県八街市文違301-915,043-442-1709,2022-06-01,False,True,"月～金：１４時～１５時
ご来局前に予めご連絡ください。"
513,八街市,クオール株式会社　クオール薬局八街２号店,クオール薬局八街２号店,1,289-1104,千葉県八街市文違301-2714,043-443-6811,2022-06-01,False,True,"月～金：１４時～１５時
ご来局前に予めご連絡ください。"
514,印西市,株式会社千葉薬品,ヤックスドラッグ印旛日本医大駅前薬局,1,270-1608,印西市舞姫1-5-1,0476-80-3551,2022-01-07,True,True,調剤薬局の営業日、営業時間のみ受付可能。
515,印西市,株式会社メタボスクリーン,コロナバスター・印西店,2,270-1346,印西市多々羅田118-7,0476-85-6011,2022-01-11,True,False,月曜～土曜　10:00～19:00
516,印西市, 株式会社アインファーマシーズ,アイン薬局　日本医大北総店,1,270-1613,千葉県印西市鎌苅1715,0476-85-6966,2022-01-18,True,True,"夜勤対応時は実施不可(19時～翌朝9時)
原則、電話予約にて対応。
来局前には電話連絡をお願いします。
1月27日現在、抗原検査キットとPCR検査キットが納品されず、予約を承る事が出来ない状況です。再開も未定となっております。   "
517,印西市,"株式会社PROUMED
医療法人社団　同仁会診療所",くすりの福太郎本埜店,1,270-2327,印西市竜腹寺350,0476-97-5702,2022-01-26,True,True,店舗の営業時間に準ずる
518,印西市,株式会社StarSeed,印西新型コロナ無料検査場,1,270-1335,千葉県印西市原1-2　BIGHOPガーデンモール印西 1F iPhoneClinic印西店内,0476-36-7488,2022-03-10,True,True,"水曜日は実施不可
予約不要 受付時間10:00-16:30
日・祝 PCR検査 15:00まで当日発送致します。"
519,印西市,ファーマリリー株式会社,アサヒ薬局印西店,1,270-1347,千葉県印西市内野1-5-7,0476-40-7225,2022-03-14,True,True,祝日・その他薬局の定休日は店舗での実施不可。
520,印西市,メディカルコム株式会社,サンリツ薬局　印西店,1,270-1327,千葉県印西市大森2550-11,0476-40-2811,2022-06-11,False,True,日曜日・祝日　実施不可
521,白井市,ウエルシア薬局株式会社,ウエルシア薬局白井十余一店,1,270-1411,千葉県白井市十余一５０－５,047-498-3577,2021-12-24,True,True,"調剤薬局の営業日、営業時間のみ受付可能。2月14日から、ウエルシア薬局のホームページより検査の予約ができるようになります。
https://www.welcia-yakkyoku.co.jp/"
522,白井市,ウエルシア薬局株式会社,ウエルシア薬局西白井店,1,270-1435,千葉県白井市清水口１－１－２６,0474-92-2911,2021-12-24,True,True,"調剤薬局の営業日、営業時間のみ受付可能。2月14日から、ウエルシア薬局のホームページより検査の予約ができるようになります。
https://www.welcia-yakkyoku.co.jp/"
523,白井市,ウエルシア薬局株式会社,ウエルシア薬局白井冨士店,1,270-1432,千葉県白井市冨士１２０－３,047-441-1217,2021-12-24,True,True,"調剤薬局の営業日、営業時間のみ受付可能。2月14日から、ウエルシア薬局のホームページより検査の予約ができるようになります。
https://www.welcia-yakkyoku.co.jp/"
524,白井市,株式会社千葉薬品,ヤックスドラッグ白井薬局,1,270-1408,白井市西白井1-19-26,047-407-2644,2022-01-07,True,True,調剤薬局の営業日、営業時間のみ受付可能。
525,白井市,株式会社アインファーマシーズ,アイン薬局　西白井店,1,270-1431,千葉県白井市根1778-8,047-497-6166,2022-03-11,False,True,"週3回　月・木・金　13：00～15：00
来局前には電話連絡をお願い致します。"
526,白井市,有限会社エムティーエス,白井薬局,1,270-1422,千葉県白井市復1589-2,047-498-3553,2022-06-06,False,True,"水・日・祝祭日は実施不可。
抗原定性検査は実施時間は午後１時～２時３０分
要電話確認
駐車場で車内で実地"
527,白井市,株式会社ウィーズ千葉,ピュア薬局　白井店,1,270-1422,千葉県白井市復1441-1,047-404-1885,2022-06-11,False,True,ドライブスルー方式にて対応。火曜日・日曜日・祝日　実施不可
528,富里市,株式会社千葉薬品,ヤックスドラッグ富里薬局,1,285-0221,富里市七栄646-78,0476-92-8910,2022-01-07,True,True,調剤薬局の営業日、営業時間のみ受付可能。
529,富里市,株式会社千葉薬品,ヤックスドラッグ富里インター薬局,1,285-0221,富里市七栄575-264,0476-90-5121,2022-01-07,True,True,調剤薬局の営業日、営業時間のみ受付可能。
530,富里市,株式会社クスリのアオキホールディングス,クスリのアオキ七栄薬局,1,286-0221,千葉県富里市七栄646番地138,0476-33-6975,2022-01-26,True,True,"月～金　9:00-19:00　土　9:00-13:00（薬局　0476-33-6975）
上記以外の時間帯（店舗　0476-33-6882）
よくあるご質問はクスリのアオキHPにてご確認をお願い致します。"
531,南房総市,ウエルシア薬局株式会社,ウエルシア薬局南房総富浦店,1,299-2403,千葉県南房総市富浦町原岡９５１－１,0470-20-4210,2021-12-24,True,True,"調剤薬局の営業日、営業時間のみ受付可能。2月14日から、ウエルシア薬局のホームページより検査の予約ができるようになります。
https://www.welcia-yakkyoku.co.jp/"
532,南房総市,株式会社千葉薬品,ヤックスドラッグ丸山薬局,1,299-2525,南房総市加茂2651-1,0470-29-7118,2022-01-07,True,True,調剤薬局の営業日、営業時間のみ受付可能。
533,南房総市,株式会社南山堂,南山堂薬局 南房総店,1,294-0822,千葉県南房総市本織50-5,0470-28-5891,2022-03-15,True,True,閉局時、検査管理者不在時は実施不可
534,匝瑳市,ウエルシア薬局株式会社,ウエルシア薬局匝瑳八日市場店,1,289-2144,千葉県匝瑳市八日市場イ　７０１番地１,0479-70-1782,2021-12-24,True,True,"調剤薬局の営業日、営業時間のみ受付可能。2月14日から、ウエルシア薬局のホームページより検査の予約ができるようになります。
https://www.welcia-yakkyoku.co.jp/"
535,匝瑳市,株式会社千葉薬品,ヤックスドラッグ八日市場薬局,1,289-2146,匝瑳市八日市場ホ92-1,0479-70-1212,2022-01-07,True,True,調剤薬局の営業日、営業時間のみ受付可能。
536,匝瑳市,医療法人社団　増田産婦人科,医療法人社団　増田産婦人科,3,289-2144,千葉県匝瑳市八日市場イ2837,0479-73-1100,2022-03-14,True,True,"要電話連絡（混雑時間帯回避のため）
祝休日9:00-13:00、平日12:00-15:00"
537,香取市,ウエルシア薬局株式会社,ウエルシア薬局香取佐原店,1,287-0003,千葉県香取市佐原イ４２００,0478-50-2020,2021-12-24,True,True,"調剤薬局の営業日、営業時間のみ受付可能。2月14日から、ウエルシア薬局のホームページより検査の予約ができるようになります。
https://www.welcia-yakkyoku.co.jp/"
538,香取市,ウエルシア薬局株式会社,ウエルシア薬局香取小見川2号店,1,289-0313,千葉県香取市小見川２２４３番地１,0478-80-0646,2021-12-24,True,True,"調剤薬局の営業日、営業時間のみ受付可能。2月14日から、ウエルシア薬局のホームページより検査の予約ができるようになります。
https://www.welcia-yakkyoku.co.jp/"
539,香取市,株式会社千葉薬品,ヤックスドラッグ佐原薬局,1,287-0003,香取市佐原イ4196-1,0478-52-5781,2022-01-07,True,True,調剤薬局の営業日、営業時間のみ受付可能。
540,香取市,株式会社千葉薬品,ヤックスドラッグ小見川薬局,1,289-0313,香取市小見川695-1,0478-79-8500,2022-01-07,True,True,調剤薬局の営業日、営業時間のみ受付可能。
541,香取市,株式会社クスリのアオキホールディングス,クスリのアオキ佐原薬局,1,287-0003,千葉県香取市佐原イ3055番地,0478-79-5575,2022-01-26,True,True,"月～金　9:00-18:00（薬局　0478-79-5575）
上記以外の時間帯（店舗　0478-79-5537）
よくあるご質問はクスリのアオキHPにてご確認をお願い致します。"
542,香取市,株式会社クスリのアオキホールディングス,クスリのアオキ佐原北薬局,1,287-0001,千葉県香取市佐原ロ2117番地4,0478-79-7687,2022-01-26,True,True,"月～金　9:00-18:00（薬局　0478-79-7687）
上記以外の時間帯（店舗　0478-79-7610）
よくあるご質問はクスリのアオキHPにてご確認をお願い致します。"
543,香取市,株式会社ファーメスト,あすなろ薬局香取店,1,287-0003,千葉県香取市佐原イ2389-1,0478-52-4976,2022-01-20,True,True,"土曜・日曜・祝祭日は店舗休業日につき、終日実施不可。
検査受付可能時間は、店舗営業日の9：00～17：00まで。"
544,香取市,株式会社ファーメスト,あすなろ薬局,1,289-0332,千葉県香取市南原地新田426-2,0478-80-0440,2022-01-20,True,True,"土曜・日曜・祝祭日は店舗休業日につき、終日実施不可。
検査受付可能時間は、店舗営業日の9：00～17：00まで。"
545,香取市,クラフト株式会社,さくら薬局　小見川店,1,289-0332,千葉県香取市南原地新田426-5,0478-80-0411,2022-04-06,False,True,"月・水・木：14～16時　火・金17～18時,事前電話必要"
546,香取市,ウエルシア薬局株式会社,ウエルシア薬局香取牧野店,1,287-0033,千葉県香取市牧野60-1,0478-54-5652,2022-04-18,True,True,月～金　9:00～13:00、14:00～17:00　土・日・祝日は検査実施不可
547,香取市,株式会社ウィーズ,佐原中央薬局　東店,1,287-0003,千葉県香取市佐原イ2314,0478-55-2525 ,2022-06-11,False,True,ドライブスルー方式にて対応　日曜、祝日実施不可
548,香取市,健康福祉サービス株式会社,きらら薬局,1,289-0313,千葉県 香取市小見川 808-1,0478-79-8155,2022-06-11,False,True,
549,山武市,ウエルシア薬局株式会社,ウエルシア薬局山武成東店,1,289-1326,千葉県山武市成東字北上宿下４９１－２,0475-82-0705,2021-12-24,True,True,"調剤薬局の営業日、営業時間のみ受付可能。2月14日から、ウエルシア薬局のホームページより検査の予約ができるようになります。
https://www.welcia-yakkyoku.co.jp/"
550,山武市,株式会社千葉薬品,ヤックスドラッグ成東東薬局,1,289-1326,山武市成東160-3,0475-82-7250,2022-01-07,True,True,調剤薬局の営業日、営業時間のみ受付可能。
551,山武市,株式会社千葉薬品,ヤックスドラッグ蓮沼薬局,1,289-1802,山武市蓮沼口2785-6,0475-77-7883,2022-01-07,True,True,調剤薬局の営業日、営業時間のみ受付可能。
552,山武市,さくら薬局株式会社,すみれ薬局　成東店,1,289-1326,千葉県山武市成東744-1,0475-80-2240,2022-04-06,False,True,平日　13時～14時
553,山武市,株式会社ウィーズ千葉,アイティオー松尾薬局,1,289-1513,千葉県山武市松尾町猿尾315,0479-86-6810,2022-06-11,False,True,ドライブスルー方式にて対応。木曜日・日曜日・祝日　実施不可
554,山武市,株式会社ウィーズ,サンリツ薬局　成東店,1,289-1326,千葉県山武市成東164-2,0475-82-8828,2022-06-11,False,True,ドライブスルー方式にて対応　土、日曜、祝日実施不可
555,山武市,株式会社ウィーズ,はづき薬局,1,289-1323,千葉県山武市富口537-6,0475-80-1500,2022-06-11,False,True,ドライブスルー方式にて対応　水、日、祝日は実施不可
556,いすみ市,株式会社千葉薬品,ヤックスドラッグ夷隅薬局,1,298-0124,いすみ市弥正489-1,0470-80-4711,2022-01-07,True,True,調剤薬局の営業日、営業時間のみ受付可能。
557,いすみ市,株式会社千葉薬品,ヤックスドラッグ大原初芝薬局,1,298-0004,いすみ市大原9076,0470-64-0321,2022-01-07,True,True,調剤薬局の営業日、営業時間のみ受付可能。
558,いすみ市,日本調剤株式会社,日本調剤 国吉薬局,1,298-0123,千葉県いすみ市苅谷1265-3,0470-86-5381,2022-05-25,False,True,"店舗の営業日、営業時間のみ対応（各店舗の情報は以下の店舗情報よりご確認ください）。https://www.nicho.co.jp/tenpo/
土、日、祝日は対応しておりません。混雑時または検査キットの在庫状況によっては予約をお断りすることがあります。必ず事前に電話予約をした上でご来局ください。"
559,大網白里市,ウエルシア薬局株式会社,ウエルシア薬局大網白里店,1,299-3235,千葉県大網白里市駒込415番地1,0475-72-4932,2021-12-24,True,True,"調剤薬局の営業日、営業時間のみ受付可能。2月14日から、ウエルシア薬局のホームページより検査の予約ができるようになります。
https://www.welcia-yakkyoku.co.jp/"
560,大網白里市,株式会社千葉薬品,ヤックスケアタウン大網増穂薬局,1,299-3264,大綱白里市柿餅34,0475-70-8815,2022-01-07,True,True,調剤薬局の営業日、営業時間のみ受付可能。
561,大網白里市,株式会社千葉薬品,ヤックスドラッグ大網薬局,1,299-3235,大網白里市駒込206-1,0475-78-4608,2022-01-07,True,True,調剤薬局の営業日、営業時間のみ受付可能。
562,大網白里市,クラフト株式会社,さくら薬局　大網白里店,1,299-3221,大網白里市富田883-1,0475-70-2300,2022-01-18,False,True,平日9：00から17：00で対応可能
563,大網白里市,イントロン株式会社,明倫堂薬局(大網),1,299-3255,千葉県大網白里市みどりが丘3-10-5,0475-73-0567,2022-01-19,True,True,"月火水木金　9：00～18：00
土　9：00～12：30"
564,大網白里市,さくら薬局株式会社,すみれ薬局　駒込店,1,299-3236,千葉県大網白里市みやこ野2-1-7,0475-72-6992,2022-04-06,False,True,平日　13時～15時
565,大網白里市,さくら薬局株式会社,すみれ薬局　大網駅前店,1,299-3235,千葉県大網白里市駒込448-1,0475-72-3711,2022-04-06,False,True,月、火、木、金　13時～15時
566,酒々井町,株式会社千葉薬品,ヤックスドラッグ酒々井インター薬局,1,285-0912,印旛郡酒々井町飯積2-8-10,043-309-7330,2022-01-07,True,True,調剤薬局の営業日、営業時間のみ受付可能。
567,酒々井町,株式会社ファーマシ―エクスプレス,酒々井薬局,1,285-0922,印旛郡酒々井町中央台 2-25-2 若葉ビル1階,043-496-7001,2022-06-11,False,True,ドライブスルーも対応可。水曜日・日曜日・祝日　実施不可
568,栄町,株式会社千葉薬品,ヤックスドラッグ安食薬局,1,270-1516,印旛郡栄町安食947-5,0476-37-3027,2022-01-07,True,True,調剤薬局の営業日、営業時間のみ受付可能。
569,栄町,有限会社エムティーエス,栄町薬局,1,270-1516,千葉県印旛郡栄町安食2421-85,0476-95-8228,2022-06-06,False,True,"水・日・祝祭日は実施不可。
抗原定性検査は実施時間は午後２時～４時"
570,栄町,有限会社エムティーエス,栄町薬局安食駅前店,1,270-1516,千葉県印旛郡栄町安食2-3-9,0476-80-2740,2022-06-06,False,True,"水・日・祝祭日は実施不可。
抗原定性検査は実施時間は午後２時～４時
要電話確認
駐車場で車内で実地"
571,神崎町,株式会社千葉薬品,ヤックスドラッグ神崎薬局,1,289-0221,香取郡神崎町神崎本宿666,0478-72-1014,2022-01-07,True,True,調剤薬局の営業日、営業時間のみ受付可能。
572,多古町,株式会社千葉薬品,ヤックスドラッグ多古台薬局,1,289-2241,香取郡多古町多古2000-139,0479-85-8781,2022-01-07,True,True,調剤薬局の営業日、営業時間のみ受付可能。
573,東庄町,ウエルシア薬局株式会社,ウエルシア薬局東庄新宿店,1,289-0611,千葉県香取郡東庄町新宿１２１０－１,0478-86-4640,2021-12-24,True,True,"調剤薬局の営業日、営業時間のみ受付可能。2月14日から、ウエルシア薬局のホームページより検査の予約ができるようになります。
https://www.welcia-yakkyoku.co.jp/"
574,九十九里町,株式会社サンドラッグ,サンドラッグ九十九里薬局　　　,1,283-0104,千葉県山武郡九十九里町片貝391-2,0475-76-1033,2022-02-07,True,True,"・受検可能な時間帯
　月火木金 （ＰＣＲ・抗原）９：３０～１４：３０　/（抗原）１４：３０～１７：００
  水       （抗原）１０：００～１３：００　/（抗原）１４：３０～１７：００
  土       （ＰＣＲ・抗原）９：３０～１４：３０　/（抗原）１４：３０～１７：００ 
　※日曜日・祝日は実施不可。
・ＰＣＲ検査は結果通知が検体採取日の翌々日になることがあります。
・薬局内の密集を回避するため1日当り及び同一時間帯の受検者を制限して実施します。
（状況に応じて当日の時間帯を指定した整理券配布対応とします。）"
575,芝山町,ウエルシア薬局株式会社,ウエルシア薬局成田三里塚店,1,289-1608,千葉県山武郡芝山町岩山２２６４－８,0479-77-1162,2021-12-24,True,True,"調剤薬局の営業日、営業時間のみ受付可能。2月14日から、ウエルシア薬局のホームページより検査の予約ができるようになります。
https://www.welcia-yakkyoku.co.jp/"
576,芝山町,株式会社メディカルサポート　奥祖谷パール薬局,千葉成田ステーション,1,282-1608,千葉県山武郡芝山町岩山2317-3,0479-40-8580,2022-03-29,False,True,【予約不要です！】地図、営業時間、混雑度など最新情報は　https://kensa-station.com/kashiwa/　をご確認ください
577,横芝光町,株式会社千葉薬品,ヤックスドラッグ横芝光薬局,1,289-1732,山武郡横芝光町横芝2148-1,0479-85-7107,2022-01-07,True,True,調剤薬局の営業日、営業時間のみ受付可能。
578,一宮町,株式会社千葉薬品,ヤックスドラッグ一宮薬局,1,299-4301,長生郡一宮町一宮2445-1,0475-40-6661,2022-01-07,True,True,調剤薬局の営業日、営業時間のみ受付可能。
579,長生村,株式会社千葉薬品,ヤックスドラッグ長生薬局,1,299-4333,長生郡長生村七井土1898-4,0475-30-0670,2022-01-07,True,True,調剤薬局の営業日、営業時間のみ受付可能。
580,長生村,株式会社ウィーズ千葉,オレンジ薬局,1,299-4333,千葉県長生郡長生村七井土1678番2,0475-36-6155,2022-06-11,False,True,ドライブスルー方式にて対応。日曜日・祝日　実施不可
581,長南町,株式会社千葉薬品,ヤックスドラッグ長南薬局,1,297-0115,長生郡長南町千田264,0475-36-6271,2022-01-07,True,True,調剤薬局の営業日、営業時間のみ受付可能。
582,大多喜町,ウエルシア薬局株式会社,ウエルシア薬局大多喜船子店,1,298-0204,千葉県夷隅郡大多喜町船子８６５－１,0470-80-0601,2021-12-24,True,True,"調剤薬局の営業日、営業時間のみ受付可能。2月14日から、ウエルシア薬局のホームページより検査の予約ができるようになります。
https://www.welcia-yakkyoku.co.jp/"
