id,name,address,pcr,antigen
2031,医療法人ひまわり会 臨時検査場,中郡大磯町国府本郷1805-2（星槎国際高等学校 駐車場内）,True,False
2030,医療法人誠仁会金沢八景PCR検査センター,神奈川県横浜市金沢区瀬戸5-2 ローズマンション108号室,True,True
2029,医療法人誠仁会東神奈川PCR検査センター,神奈川県横浜市神奈川区神奈川2-5-103階,True,True
2028,医療法人ひまわり会 臨時検査所,横浜市戸塚区東俣野町1705（特別養護老人ホーム和みの園駐車場）,True,False
2027,ＳＦＣ薬局逗子店,神奈川県逗子市逗子5-11-7,False,True
2026,市が尾ファーマシー,横浜市青葉区市ケ尾町1156-11,True,True
2024,みんなのくすり屋さん,横浜市青葉区元石川町３７１１?１安藤ビル１F,True,True
2023,シオン薬局,横浜市旭区川井本町111-6,False,True
2022,日本調剤 深見薬局,神奈川県大和市深見西8-4-6,False,True
2021,日本調剤溝口薬局,神奈川県川崎市高津区溝口３丁目７?１,False,True
2020,日本調剤 武蔵小杉駅前薬局,神奈川県川崎市中原区新丸子東3-1302 ららテラス武蔵小杉4F,False,True
2019,日本調剤宮崎台薬局,神奈川県川崎市宮前区宮崎２丁目10?３ さくら坂ビル 1F,False,True
2018,石川町検査ステーション,神奈川県横浜市中区石川町1-13-2 ローマステーションビル3階,False,True
2017,さくら薬局,神奈川県平塚市土屋1283-1,True,False
2016,日本調剤新川崎調剤薬局,神奈川県川崎市幸区小倉１?１,False,True
2015,クオール薬局武蔵小杉店,川崎市中原区下沼部1810－1シティハウス武蔵小杉1階,False,True
2014,クオール薬局武蔵小杉南店,川崎市中原区市ノ坪127－24クレール武蔵小杉１F,False,True
2013,元町検査ステーション,横浜市中区元町1-13-5 LAVI元町2階,False,True
2012,有限会社トキワ薬局宮上店,足柄下郡湯河原町宮上50?7,False,True
2011,有限会社トキワ薬局,足柄下郡湯河原町中央1-25-13,False,True
2010,松風台薬局,横浜市青葉区松風台13-5ライムライト松風台3-1,False,True
2009,ファーマライズ薬局山手町店,横浜市中区山手町163番6,True,True
2008,さくら薬局横浜あざみ野店,横浜市青葉区あざみ野2-9-11サンサーラあざみ野ビル1F,False,True
2007,寒川新型コロナ無料検査場,高座郡寒川町岡田２丁目４ー１３ サンヴェール湘南B 102A,True,True
2006,あすか薬局西が岡店,横浜市泉区西が岡1-20-16,False,True
2005,栄区新型コロナ無料検査場,横浜市栄区桂町688-4-219,True,True
2004,ガーデン薬局ViNA GARDENS店,海老名市めぐみ町３－１ ６階,False,True
2003,小田薬局,川崎市川崎区小田2-17-16,True,True
2002,あすか薬局白百合店,横浜市泉区白百合1－1－8,False,True
2001,日本調剤たまプラーザ薬局,神奈川県横浜市青葉区新石川2-4-16,False,True
2000,日本調剤 浦舟薬局,神奈川県横浜市南区浦舟町4-47メディカルコートマリス1階,False,True
1999,日本調剤ながつた薬局,神奈川県横浜市緑区長津田3-5-1,False,True
1998,日本調剤 ふれあいの丘薬局,神奈川県横浜市都筑区葛が谷8-10 都筑ふれあいの丘駅前ビル1階,False,True
1997,日本調剤 石川町薬局,神奈川県横浜市中区吉浜町1-9エトアール吉浜1階,False,True
1996,日本調剤 MMセンター薬局,横浜市西区みなとみらい3-6-1みなとみらいセンタービル,False,True
1995,日本調剤 元町薬局,横浜市中区山下町273JPT元町ビル１F ,False,True
1994,日本調剤 元久保薬局,横浜市西区元久保町6番7号,False,True
1993,日本調剤新大船薬局,鎌倉市大船2-24-27,False,True
1992,日本調剤大船薬局,鎌倉市大船1-22-28パブロコート１階,False,True
1991,日本調剤 藤沢駅前薬局,藤沢市藤沢５５９,False,True
1990,日本調剤 東戸塚調剤薬局,横浜市戸塚区品濃町535-2中央街区D棟3階,False,True
1989,日本調剤辻堂薬局,藤沢市辻堂2-9-3,False,True
1988,日本調剤 中尾薬局,横浜市旭区中尾2-2-21,False,True
1987,日本調剤 希望ヶ丘薬局,横浜市旭区東希望ヶ丘100番19加瀬ビル191 1F,False,True
1986,日本調剤麻溝薬局,相模原市南区麻溝台1-2-11,False,True
1985,日本調剤 大正薬局,横浜市戸塚区原宿4-16-1,False,True
1984,日本調剤 上永谷駅前薬局,横浜市港南区丸山台2-1-1鈴栄ビル１F,False,True
1983,日本調剤北里薬局,相模原市南区麻溝台1丁目2-23,False,True
1982,日本調剤 六浦薬局,横浜市金沢区六浦東1-22-24,False,True
1981,日本調剤追浜薬局,横須賀市追浜本町1-1-23,False,True
1980,日本調剤 横須賀薬局,横須賀市小矢部2-21-4,False,True
1979,日本調剤横須賀中央薬局,横須賀市若松町2-5-3矢島ビル1階,False,True
1978,日本調剤米が浜薬局,横須賀市米が浜通1-8-6,False,True
1977,日本調剤 慶應日吉薬局,横浜市港北区日吉4-1-1慶應義塾日吉キャンパス協生館1階,False,True
1976,日本調剤 新横須賀薬局,横須賀市小矢部2-20-8,False,True
1975,日本調剤 油壺薬局,三浦市三崎町諸磯1902-1,False,True
1974,アステル薬局 無料PCR検査センター 平塚,平塚市西八幡2-3-61 ,True,False
1973,イムノファーマシー北寺尾店薬局,神奈川県横浜市鶴見区北寺尾4-12-2ハイツ松風１F,False,True
1972,なの花薬局海老名扇町店,海老名市扇町３－６MACセントラルビル１階,False,True
1971,そうごう薬局 東海大学前店,神奈川県秦野市北矢名1309-1 ハレクラニ1階A-1,False,True
1970,エムエム薬局,川崎市川崎区大師駅前1-6-17,True,False
1969,上溝薬局,相模原市中央区上溝３１７５－１,False,True
1968,厚木新型コロナ無料検査場,神奈川県厚木市中町２丁目７－５,True,True
1967,クオール薬局白山店,神奈川県川崎市麻生区白山4-1-1-122,False,True
1966,汐見橋薬局,神奈川県横浜市鶴見区本町通1-6,False,True
1965,伊勢町薬局,神奈川県川崎市中原区木月伊勢町4-16 アクアハイム101,False,True
1964,イムノファーマシー鶴見駅前店薬局,神奈川県横浜市鶴見区鶴見中央4-14-6,False,True
1963,イムノファーマシー鶴見分店薬局,横浜市鶴見区市場大和町5-24,False,True
1962,慶成薬局,横浜市神奈川区西神奈川1-20-5,False,True
1961,バード薬局,川崎市高津区久地4-24-30グリーン,False,True
1960,そうごう薬局南加瀬店,川崎市幸区南加瀬3-5-3,False,True
1959,うさぎ薬局 大船店,鎌倉市大船6-1-1松竹ショッピングセンター2階,False,True
1958,健やか薬局,小田原市下新田264-12,True,True
1957,みなみぐち薬局,神奈川県小田原市南鴨宮3-49-5,True,True
1956,なかいまち薬局,足柄上郡中井町井ノ口1876-1,True,True
1955,横浜みなみ薬局,横浜市中区新山下3-13-22,True,True
1954,クオール薬局上星川店,神奈川県横浜市保土ヶ谷区上星川3-15-1ミラ上星川1階,False,True
1953,しろくま薬局,横浜市緑区鴨居3-1-6,False,True
1952,レイディアントシティ薬局,横浜市金沢区大川７－６－１２７,False,True
1951,谷津薬局,神奈川県横浜市金沢区谷津町343-1F,False,True
1950,トップファーマシー,神奈川県横浜市都筑区仲町台1-7-12,False,True
1948,みつば薬局,横浜市旭区万騎が原105-6,False,True
1947,ふたば薬局 南まきが原ライフ店,横浜市旭区柏町127,False,True
1946,チェリー薬局,神奈川県横浜市戸塚区戸塚町16－7加藤ビル2階,True,True
1945,ふたば薬局,横浜市旭区柏町47-6,False,True
1944,中川薬局都筑店,神奈川県横浜市都筑区北山田7-12-20,True,True
1943,飯田薬局たまプラーザ店,神奈川県横浜市青葉区美しが丘1-4-3-103,False,True
1942,町の薬局,神奈川県横浜市都筑区仲町台1-33-16 ステイツ仲町台1階,False,True
1941,クオール薬局ドレッセ横浜十日市場店,神奈川県横浜市緑区十日市場町1481-3 ドレッセ横浜十日市場3-3,False,True
1940,クオール薬局センター南店,神奈川県横浜市都筑区茅ヶ崎中央51-14ルノンセンター南3階,False,True
1939,中川薬局港北店,神奈川県横浜市都筑区北山田1－12－14,True,True
1938,クオール薬局笠間店,神奈川県横浜市栄区笠間5-31-11,False,True
1937,クオール薬局たちばな台店,神奈川県横浜市青葉区たちばな台2-7-8,False,True
1936,グラム調剤薬局横浜店,神奈川県横浜市鶴見区仲通1-59-12,True,True
1935,中川薬局横浜西口店,神奈川県横浜市西区楠町14-2,True,True
1934,秋本薬局横浜西口2号店,横浜市西区南幸2-20-12,False,True
1933,ウエルシア薬局ダイエー十日市場店,横浜市緑区十日市場町818-2 ダイエー十日市場２F,True,True
1932,なの花薬局本牧店,横浜市中区本郷町２－４４－１サンクレイン本牧１０２,False,True
1930,中川薬局相模台店,神奈川県座間市相模が丘6－24－14,True,True
1929,さくら薬局七里ガ浜店,神奈川県鎌倉市七里ガ浜2-20-18,False,True
1928,クオール薬局稲村ヶ崎店,神奈川県鎌倉市稲村ガ崎3-3-30,False,True
1927,つばさ薬局,神奈川県鎌倉市小袋谷2-2-37,False,True
1926,クオール薬局大船2号店,神奈川県鎌倉市大船2-24-25,False,True
1925,クオール薬局森の里店,神奈川県厚木市森の里3-1-1,False,True
1924,クオール薬局湯河原店,足柄下郡湯河原町土肥1-14-13,False,True
1923,和田塚薬局,鎌倉市由比ガ浜3-1-9,False,True
1922,調剤薬局ツルハドラッグ川崎駅前大通り店,神奈川県川崎市川崎区砂子2-6-26,True,False
1921,薬局百合丘NYファーマシー,川崎市麻生区百合丘1-4-1,False,True
1920,クオール薬局西生田店,川崎市多摩区西生田5-27-15,False,True
1919,なの花薬局登戸店,川崎市多摩区登戸新町３３７,False,True
1914,薬局トモズビーンズ新杉田店,横浜市磯子区新杉田町6 ビーンズ新杉田 2階,True,True
1913,薬局トモズ今井南町店,川崎市中原区今井南町8番47号 松本ビル1階,True,True
1912,境町薬局,川崎市川崎区境町15-20-101,True,True
1911,さくら薬局 横須賀大矢部店,横須賀市大矢部2-2-18,False,True
1910,株式会社エイル川崎営業所,川崎市川崎区東田町3-11 栄ビル2階,True,True
1908,ことぶき薬局,相模原市中央区田名塩田2-16-31,False,True
1907,ゆう薬局,横浜市保土ケ谷区岩井町123-2-2-102,True,True
1906,慶成なでしこ薬局,横浜市神奈川区立町6-1ANNI横浜EAST1階,False,True
1905,わかば薬局,横浜市港北区新横浜2-12-10,True,False
1904,わかば薬局センター北店,横浜市都筑区中川中央1-37-5 ルミナードセンター北1F,True,False
1903,株式会社 寺田薬局,茅ヶ崎市新栄町2番25号,False,True
1902,横須賀中央駅前PCR検査センター,横須賀市大滝町1-9 品川ビル102,True,True
1901,マスカット薬局無料ＰＣＲセンター相模原店,相模原市南区鵜野森2-27-13 M101号,True,False
1899,マスカット薬局無料ＰＣＲセンター橋本店,相模原市緑区下九沢1648-6,True,False
1898,センター北駅前pcr検査センター,横浜市都筑区中川中央1丁目39-44  ツクイ・サンフォレスト横浜センター北202,True,True
1897,薬樹薬局 鶴ヶ峰,横浜市旭区鶴ヶ峰二丁目23番地3 奥村ﾋﾞﾙ1階,True,False
1896,薬樹薬局 よこうち,平塚市横内2730番地の3 ｱｵｲﾋﾞﾚｯｼﾞ湘南103号室,True,False
1895,みき薬局西寺尾店,横浜市神奈川区西寺尾１－２５－１６,True,True
1894,薬樹薬局 南林間,大和市林間二丁目1番24号 青木ビル1階,True,False
1893,そうごう薬局伊勢原店,伊勢原市田中292-1,False,True
1892,薬樹薬局 富岡2号店,横浜市金沢区富岡東五丁目21番7号,True,False
1891,薬樹薬局 逗子,逗子市山の根1丁目2番19号 ﾗ･ﾒｰﾙ･ﾌﾞﾙｰ逗子1階101号室,True,False
1890,秋本薬局港南台店,横浜市港南区港南台9-28-12,False,True
1889,薬樹薬局 磯子,横浜市磯子区丸山一丁目26番13号 1階,True,False
1888,そうごう薬局 厚木店,厚木市温水127-1,False,True
1887,薬樹薬局 鶴ヶ峰駅前店,横浜市旭区鶴ヶ峰二丁目30番地10 MDﾋﾞﾙ1階,True,False
1886,薬樹薬局 富岡,横浜市金沢区富岡東五丁目18番1号 長谷川ﾒﾃﾞｨｶﾙﾌﾟﾗｻﾞ富岡1階,True,False
1885,なの花薬局横浜岡野店,横浜市西区岡野１－１４横浜メディカルセンタービル１F,False,True
1884,薬樹薬局 矢部,相模原市中央区淵野辺一丁目2番31号 ﾃﾞﾙﾌｨｰ矢部1階,True,False
1883,こだなか薬局,川崎市中原区下小田中2-33-29-103,False,True
1882,薬樹薬局 保土ケ谷,横浜市保土ケ谷区常盤台50番29号,True,False
1881,薬樹薬局 横須賀,横須賀市長坂三丁目3番12号,True,False
1880,なの花薬局品濃町店,横浜市戸塚区品濃町５２２－５トレニアビル１F,False,True
1878,薬樹薬局 三ツ沢,横浜市西区宮ケ谷47番地2,True,False
1877,ライフタウン調剤薬局,藤沢市大庭５０６１－７,False,True
1876,薬樹薬局 和田町,横浜市保土ケ谷区星川三丁目8番4号 和田町駅前ﾋﾞﾙ,True,False
1875,ライフゆう,横須賀市湘南国際村1-4-6,False,True
1874,薬樹薬局 若松,横須賀市若松町二丁目7番地 藤田ﾋﾞﾙ2階,True,False
1873,岩戸薬局,横須賀市岩戸2-17-5,False,True
1872,薬樹薬局 百合ケ丘,川崎市麻生区百合丘1丁目19番地2 司生堂ﾋﾞﾙ2階,True,False
1871,なの花薬局杉田店,横浜市磯子区杉田１－２０－１９,False,True
1870,薬樹薬局 梶ヶ谷,川崎市宮前区宮崎153番地2,True,False
1869,藤沢薬剤師会薬局,藤沢市藤沢２－２－２１,True,True
1868,薬樹薬局 小杉,川崎市中原区小杉町1丁目515番地 ｺｰﾄｺｱ小杉1階101号室,True,False
1867,本厚木駅前pcr検査センター,神奈川県厚木市中町2-8-10,True,True
1866,ヒノミ薬局藤沢店,神奈川県藤沢市南藤沢7番2,True,True
1865,横浜西口検査ステーション,神奈川県横浜市西区南幸2-7-3 子安ビル202,False,True
1864,ほほえみ薬局本店,神奈川県茅ヶ崎市西久保124-2,False,True
1863,薬局トモズ アトレ川崎店,川崎市川崎区駅前本町26番地1 アトレ川崎1階,True,True
1862,薬局トモズ青葉台店,横浜市青葉区青葉台1丁目6番14号 エキニア青葉台,True,True
1861,ファーマライズ薬局新山下店,横浜市中区新山下３－１３－２２,True,True
1860,森薬局 東神奈川駅西口検査センター,横浜市神奈川区西神奈川1-7-12 渡辺ビル2F,False,True
1859,コンパス薬局 藤沢,藤沢市藤沢610-1サミット藤沢北口店2F,False,True
1858,ひかり薬局七島店,横浜市神奈川区七島町８－３,False,True
1856,アール薬局,横浜市港南区日野6-9-8,False,True
1855,キラリ薬局八重咲店,平塚市八重咲2-5NYビル１F,False,True
1854,ピカパカPCRクイック検査センター 川崎店,川崎市川崎区東田町４ー１０ CFビル2階,True,True
1853,調剤薬局ケーエム,相模原市中央区東淵野辺2－1－1－104,False,True
1852,鎌倉検査ステーション,鎌倉市由比ガ浜４丁目２−１０ホライズンビル３階,False,True
1851,キラリ薬局真土店,平塚市東真土4-9-28,False,True
1850,ファーマシーフォレスト岸谷店,横浜市鶴見区岸谷１－１１－６,False,True
1849,陽だまり薬局本店,茅ヶ崎市西久保394-1,False,True
1848,めぐみ薬局淵野辺本町店,相模原市中央区淵野辺本町2-5-18,False,True
1847,すこやか薬局,相模原市中央区中央4-3-23,False,True
1846,ハックドラッグ緑園都市調剤薬局Ⅱ,横浜市泉区緑園1-1-19,True,True
1845,桜台薬局,横浜市港南区東永谷１－１－２０,True,True
1844,MYメディカルクリニック横浜みなとみらい,横浜市西区みなとみらい三丁目6番1号 みなとみらいセンタービル11階,True,True
1843,なぎさ薬局,横須賀市米が浜通1-4,False,True
1842,たんぽぽ薬局,足柄上郡松田町松田庶子1533-2,False,True
1841,なぎさ薬局上町店,横須賀市上町2-7-4,False,True
1840,東聖薬局相模原店,相模原市中央区富士見6－4－15,True,True
1839,さくら薬局本郷台店,横浜市栄区桂町279-11,False,True
1838,みなとみらい検査ステーション,横浜市中区花咲町 2-64-6,False,True
1837,ハックドラッグ茅ヶ崎今宿店,茅ヶ崎市今宿266-1,True,True
1836,キラリ薬局厚木店,厚木市水引１ｰ14ｰ12,False,True
1835,ハックドラッグ綾瀬タウンヒルズ薬局,綾瀬市深谷中1-1-1 綾瀬タウンヒルズSC B１F,True,True
1834,キラリ薬局平塚北口店,平塚市宮の前2-5ジグゼ湘南平塚101,False,True
1833,キラリ薬局四之宮店,平塚市四之宮2-4-3,False,True
1832,こゆるぎ薬局,小田原市栄町1-14-48 ジャンボーナックビルB棟1F,False,True
1831,オレンジ薬局 鹿沼台店,相模原市中央区鹿沼台２－２１－１５ 竹内ビル１階,False,True
1830,カワセ薬局希望が丘店,横浜市旭区中希望が丘94-22-1,False,True
1829,フラワー薬局横浜本牧店,横浜市中区本牧原19-1 ザ・レジデンス本牧横浜ベイサイド201,False,True
1828,ひかり薬局西口店,横浜市神奈川区鶴屋町２－２２－３,False,True
1827,ひかり薬局反町店,横浜市神奈川区反町４－２７－１５,False,True
1826,アイ調剤薬局 駐車場,相模原市南区相模台1-1-11,True,False
1825,ひかり薬局東寺尾店,横浜市鶴見区東寺尾４－１６－２０,False,True
1824,さくら薬局 横浜浦舟店,横浜市南区浦舟町4-50-4 1階,False,True
1823,ひかり薬局戸部店,横浜市西区戸部町５－１９０,False,True
1822,ひかり薬局本郷台店,横浜市栄区桂町２９６－２,False,True
1821,ひかり薬局つきみ野店,大和市下鶴間５２１－１,False,True
1820,ひかり薬局名瀬店,横浜市戸塚区名瀬町７６６－３,False,True
1819,ひかり薬局六浦店,横浜市金沢区六浦５－１－３,False,True
1818,木下グループ新型コロナ検査センター 横浜駅臨時検査場,横浜市西区高島二丁目16 横浜駅西口広場,False,True
1817,ノヤマ薬局石川町店,横浜市中区石川町3丁目107番地ピーチツリープラザ101号,False,True
1816,龍生堂薬局あざみ野店,横浜市青葉区あざみ野2-30 三規庭内,False,True
1815,株式会社大島薬局 大正店,横浜市戸塚区原宿4-16-2,False,True
1814,株式会社大島薬局 湘南台店,藤沢市湘南台１－１０－１,False,True
1813,株式会社大島薬局 藤が岡店,藤沢市藤が岡２－３－５,False,True
1812,合名会社光栄堂薬局,横浜市金沢区瀬戸16-1,False,True
1811,キラリ薬局高座渋谷店,大和市渋谷5-25-3,False,True
1810,すみれ調剤薬局,高座郡寒川町岡田3ｰ9ｰ59,True,True
1809,なかまち薬局,横浜市都筑区仲町台1-2-28ヨコハマパレス102号室,False,True
1808,クスリのナカヤマ薬局生田世田谷通り店,川崎市多摩区生田7-10-11,False,True
1807,グッドファーマシーナカヤマ,川崎市多摩区登戸1842M'score,False,True
1806,株式会社横浜薬局大口駅前店,横浜市神奈川区大口通58-1,False,True
1805,ビタミンファーマシー大口薬局,横浜市神奈川区大口通6-1,False,True
1804,柴胡会ちゅうおう薬局,相模原市中央区中央6-9-22,False,True
1803,クスリのナカヤマ薬局多摩区役所前店,川崎市多摩区1802,False,True
1802,関水薬局,横浜市青葉区市ヶ尾1168-1,False,True
1799,DBM富岡 PCR検査受付センター,横浜市金沢区富岡東5-18-1,True,True
1798,DBM戸塚 PCR検査センター,横浜市戸塚区戸塚町８,True,True
1797,医療法人ひまわり会 PCR検査センター若葉台駅,川崎市麻生区黒川562-6,True,False
1796,SmaCheck茅ヶ崎駅前PCR検査センター,茅ヶ崎市新栄町7番7号,True,True
1793,スギ薬局 相模が丘店,座間市相模が丘三丁目61番46号,True,True
1782,下町診療所,横浜市磯子区下町12-18,True,True
1780,そうごう薬局 梶が谷店,川崎市高津区末長1-9-1 スタイリオ梶が谷MALL５階,False,True
1779,そうごう薬局 つきみ野店,神奈川県大和市つきみ野1-6-29,False,True
1777,そうごう薬局長津田店,神奈川県横浜市緑区長津田4-11-15,False,True
1776,かちどき薬局鶴見店,神奈川県横浜市鶴見区佃野町28-2,False,True
1771,そうごう薬局 子母口店,川崎市高津区子母口497-2,False,True
1770,横浜こどもクリニック,横浜市西区岡野2-5-18 2階,True,True
1769,湘南あおぞら薬局辻堂神台店,神奈川県藤沢市辻堂神台２－５－３４,True,True
1768,SmaCheck小田原PCR検査センター,小田原市栄町2丁目7‐38,True,True
1760,藤沢まごころ歯科,藤沢市湘南台５丁目６－２４,True,False
1759,桜木薬局,神奈川県足柄下郡箱根町湯本６９２,False,True
1758,中山医院,横浜市青葉区青葉台1-6-13,True,True
1757,ﾌｨｯﾄｹｱﾃﾞﾎﾟ北山田店,横浜市都筑区北山田 1-1-52,True,False
1756,ﾌｨｯﾄｹｱﾃﾞﾎﾟ北すすき野店,横浜市青葉区すすき野３－７－９,True,False
1755,ﾌｨｯﾄｹｱﾃﾞﾎﾟ富岡西店,横浜市金沢区富岡西７－１５－２０,True,False
1754,ﾌｨｯﾄｹｱﾃﾞﾎﾟ二ッ池店,横浜市鶴見区駒岡１丁目２３番３号,True,False
1753,ﾌｨｯﾄｹｱﾃﾞﾎﾟ東名川崎店,川崎市宮前区土橋2-17-7,True,False
1752,ﾌｨｯﾄｹｱﾃﾞﾎﾟ長沢店,川崎市多摩区長沢４－３８－２,True,False
1751,ﾌｨｯﾄｹｱﾃﾞﾎﾟ中山町店,横浜市緑区中山6-8-21,True,False
1750,ﾌｨｯﾄｹｱﾃﾞﾎﾟ菅生店,川崎市宮前区菅生5-1-22,True,False
1749,ﾌｨｯﾄｹｱﾃﾞﾎﾟ笹下店,横浜市港南区笹下４丁目２－３,True,False
1748,ﾌｨｯﾄｹｱﾃﾞﾎﾟ国道店,横浜市鶴見区鶴見中央5-25-3,True,False
1747,ﾌｨｯﾄｹｱﾃﾞﾎﾟ久末店,川崎市高津区東野川2-34-5,True,False
1746,ﾌｨｯﾄｹｱﾃﾞﾎﾟ岸根店,横浜市港北区新横浜 1-1-1,True,False
1745,ﾌｨｯﾄｹｱﾃﾞﾎﾟ荏田246店,横浜市青葉区荏田町 424-3,True,False
1744,ﾌｨｯﾄｹｱﾃﾞﾎﾟ羽沢店,横浜市神奈川区羽沢町１７４５番,True,False
1743,めぐ薬局港南台店,横浜市港南区港南台２－７－７,False,True
1742,ファースト薬局 大口店,横浜市神奈川区神之木町2-44,False,True
1741,ひまわり薬局辻堂店,藤沢市辻堂3-13-32,False,True
1740,ハジメ薬局綱島東店,横浜市港北区綱島東2-13-24,False,True
1739,ドラッグセイムス弘明寺薬局,横浜市南区六ツ川1-101,False,True
1738,ドラッグセイムス大和柳橋薬局,大和市柳橋1-5-6,False,True
1737,ドラッグセイムス相模原新磯野薬局,相模原市南区新磯野3-29-3,False,True
1736,ドラッグセイムス茅ヶ崎南口薬局,茅ヶ崎市幸町4-40 茅ヶ崎DRビル１F,False,True
1735,ドラッグセイムス横浜笠間薬局,横浜市栄区笠間３－１５－２５,False,True
1734,セイムス大通薬局,横須賀市米が浜通1-18,False,True
1733,ドラッグセイムス川崎京町1丁目薬局,川崎市川崎区京町1-9-11,False,True
1732,スマイル薬局青葉黒須田店,横浜市青葉区黒須田32-1,False,True
1731,スマイル薬局 鴨居南口店,横浜市緑区鴨居1-9-14,False,True
1730,かもめ薬局 長後店,藤沢市高倉2308-1,False,True
1729,希望ヶ丘しまや内科,横浜市旭区中希望が丘198－21,True,False
1728,エイチ・エム・グループ東淵野辺校,神奈川県相模原市中央区東淵野辺2-1-5,True,False
1727,エイチ・エム・グループ田名校,神奈川県相模原市中央区田名4153-7 2階,True,False
1726,エイチ・エム・グループ辻堂校,神奈川県藤沢市辻堂5丁目18番地13号,True,False
1725,エイチ・エム・グループ深谷上校,神奈川県綾瀬市深谷上6丁目50-18,True,False
1724,エイチ・エム・グループ茅ヶ崎香川校,神奈川県茅ヶ崎市香川4-48-10 ハイツヤマト1階,True,False
1723,オレンジ薬局橋本店,相模原市緑区橋本4-11-34橋本4丁目ビル,True,True
1722,上永谷薬局,横浜市港南区上永谷2-11-1-114,False,True
1721,久里浜スマイル薬局,横須賀市久里浜1-5-16第10臼井ビル１F,False,True
1720,鶴ヶ峰スマイル薬局,横浜市旭区鶴ヶ峰2-1-3,False,True
1719,くすりのおうち湘南薬局,藤沢市藤沢89-9,False,True
1718,台村つかさ薬局,横浜市緑区台村町３０９－１,True,False
1717,鶴見駅前PCR検査センター,横浜市鶴見区佃野町２２－１３ドミール鶴見2階,True,True
1715,オレンジ薬局川和町,横浜市都筑区川和町1218-1日神パレステージ市が尾1階,False,True
1712,こばやし薬局本店,川崎市幸区戸手1-6-2,False,True
1710,パルス薬局,横浜市港南区港南台4-7-11,True,True
1705,南山堂 フジ薬局,相模原市中央区淵野辺3-2-18,True,True
1704,綱島街道薬局,川崎市中原区木月2-16-10ベレール元住吉1階,False,True
1702,プラチナ薬局高座渋谷店,大和市渋谷7-23-1,False,True
1701,寒川スマイル薬局,高座郡寒川町一之宮1-3-4,False,True
1700,株式会社大島薬局,藤沢市藤沢５２０,True,True
1694,稲垣薬局 帝京溝口店,川崎市高津区二子５－２－８ １階,True,True
1692,医療法人社団 松樹会 横浜ヘルスケアクリニック,横浜市中区本町6丁目50番1号 横浜アイランドタワー地下1階,True,False
1690,ふれあいの丘クリニック,横浜市都筑区大丸８－１０,True,True
1689,そうごう薬局 登戸駅前店,川崎市多摩区登戸2565-1イル・マーレ1階,False,True
1684,まごころ薬局 都筑店,横浜市都筑区北山田２－１７－３,True,False
1682,スギ薬局 小田原小台店,小田原市小台352番地の1,True,True
1679,南山堂薬局綾瀬店,綾瀬市深谷中1-8-1,True,True
1678,あい診療所,横浜市港北区鳥山町１０１８,True,True
1677,順伸クリニック小児科・眼科,横浜市青葉区荏子田2-2-9,True,True
1676,いろは堂薬局,相模原市南区東林間5ｰ1ｰ1,False,True
1675,グリーン耳鼻咽喉科,横浜市金沢区泥亀２－５－１ユニオンセンター１階,True,True
1674,ひまわり薬局磯子店,横浜市磯子区磯子３－１３－K,False,True
1673,ドラッグセイムス仲町台駅前薬局,横浜市都筑区仲町台1-5-1,False,True
1671,ドラッグセイムス横浜下田薬局,横浜市港北区下田町5-24-10,False,True
1670,セイムス長後駅前薬局,藤沢市下土棚467-9 山口ビル１F,False,True
1668,みやびクリニック,川崎市宮前区南平台3-17近藤ビル1F,True,True
1667,稲垣薬局 溝口店,川崎市高津区溝口3-1-7 和幸ダイヤモンドビル １Ｆ号室,True,True
1666,クリエイトエス・ディー立場店薬局,神奈川県横浜市泉区和泉中央南 1-38-9,True,False
1665,クリエイト薬局平塚御殿店,神奈川県平塚市御殿 1-28-5,True,False
1664,クリエイト薬局川崎下小田中店,神奈川県川崎市中原区下小田中 3-25-14,True,False
1663,クリエイト薬局青葉藤が丘店,神奈川県横浜市青葉区藤が丘 2-30-1 リテールホーム藤が丘1階,True,False
1662,クリエイト薬局青葉松風台店,神奈川県横浜市青葉区桂台 2-1-2  1階,True,False
1661,クリエイト薬局瀬谷駅南口店,神奈川県横浜市瀬谷区瀬谷 4-1-1,True,False
1660,クリエイト薬局小田急マルシェ座間店,神奈川県座間市入谷東 3-60-2 小田急マルシェ座間1 2階,True,False
1659,クリエイト薬局戸塚俣野店,神奈川県横浜市戸塚区俣野町 1404-5,True,False
1658,クリエイト薬局鎌倉大船店,神奈川県鎌倉市大船 4-17-18,True,False
1657,クリエイト薬局横浜六角橋店,神奈川県横浜市神奈川区六角橋 4-23-1,True,False
1656,クリエイト薬局横浜保土ヶ谷橋店,神奈川県横浜市保土ケ谷区保土ケ谷町 1-5-1,True,False
1655,クリエイト薬局横浜東久保町店,神奈川県横浜市西区東久保町 10-1,True,False
1654,クリエイト薬局横須賀長坂店,神奈川県横須賀市長坂 3-6-10,True,False
1653,クリエイト薬局横須賀鴨居店,神奈川県横須賀市鴨居 2-6-1,True,False
1652,クリエイト薬局羽沢横浜国大駅前店,神奈川県横浜市神奈川区羽沢南 2-44-5  1階,True,False
1651,クリエイト薬局磯子滝頭店,神奈川県横浜市磯子区滝頭 2-31-18,True,False
1650,クリエイト薬局マリアンナ医大前店,神奈川県川崎市多摩区長沢 2-20-40,True,False
1649,クリエイト薬局ノースポート・モール店,神奈川県横浜市都筑区中川中央1-25-1ノースポート・モール1階,True,False
1648,クリエイト薬局 平塚入野店,神奈川県平塚市入野 147-3,True,False
1647,クリエイトエス・ディー川崎野川店薬局,神奈川県川崎市宮前区南野川 1-5-3,True,False
1646,菊名調剤薬局,神奈川県横浜市港北区錦が丘 16-16 1階,True,False
1645,高田内科胃腸科医院,横浜市青葉区新石川2-15-11,False,True
1644,田辺薬局 湘南台西店,藤沢市湘南台２－２８－１１,True,False
1643,たわら薬局,川崎市麻生区上麻生6-31-1,True,True
1641,三和薬局,横浜市港北区日吉本町4-15-7,True,False
1640,南毛利内科,厚木市愛甲2-11-9,True,True
1635,リープ薬局仲町台店,横浜市都筑区仲町台5-2-11グリーンヒルズS,True,True
1634,だんのうえ眼科新城駅前院,川崎市中原区新城5-1-1ウィステリア-A 3F,True,False
1632,東山田ヒルズクリニック,横浜市都筑区東山田町１３５７番地１,True,False
1631,みなとみらい検査ステーション,横浜市中区花咲町２－６４－６,True,False
1628,プラチナスター薬局中原店,平塚市中原2－21－20イソベビル１F,False,True
1624,ピイ・エフ・ラボ陣屋坂薬局,鎌倉市植木356-2,True,True
1616,きらり薬局 菊名店,横浜市港北区菊名4-2-8,False,True
1615,港南台 NEXUS DENTAL CLINIC,横浜市港南区港南台５丁目８番１７号カーサオリエンテ１階１０１号室,False,True
1613,田辺薬局,横浜市鶴見区下末吉１－２４－１５,True,True
1612,きらり薬局 横浜日吉店,横浜市港北区日吉5-6-20 ﾆｯｸｱｰﾊﾞﾝﾊｲﾑ日吉101号,False,True
1611,田辺薬局 鶴見駒岡店,横浜市鶴見区駒岡町４－２１－５５,True,True
1610,田辺薬局 港南中央店,横浜市港南区港南中央通１３－２４,False,True
1609,田辺薬局 宮前平橋店,川崎市宮前区平１－１－４,False,True
1608,田辺薬局 下末吉支店,横浜市鶴見区下末吉１－２３－１４,True,True
1607,クスリのナカヤマ薬局 登戸駅前店,川崎市多摩区登戸3414-10 YSビル １階,False,True
1606,きらり薬局 新百合ヶ丘店,川崎市麻生区古沢字都古17-3,False,True
1605,きらり薬局 東戸塚店,横浜市戸塚区品濃町５４３－４－１Ｆ,False,True
1604,きらり薬局 小田原店,小田原市本町4-1-25,False,True
1603,きらり薬局 箕輪町店,横浜市港北区箕輪町2-3-7 日吉ロイヤルマンション１F,False,True
1602,石井耳鼻咽喉科診療所,横浜市中区吉田町72番地,True,False
1600,竹下調剤薬局,厚木市下荻野1172,False,True
1599,木下グループ PCR検査センター みなとみらい店（キノシネマ横浜みなとみらい内）,横浜市西区みなとみらい4-7-1 みなとみらいミッドスクエア2F,True,True
1598,ひとみ薬局,横浜市中区山下町276トライアングルビル2階,True,True
1585,タケシタ調剤薬局 横浜弥生台店,横浜市泉区西が岡1-27-1グレイス弥生台,False,True
1584,スターフィールドクリニック横浜,横浜市中区真砂町3-31 アクティオーレ関内3F,True,True
1582,やました診療所西谷,横浜市保土ケ谷区西谷町1083,False,True
1581,りぼん薬局,相模原市南区若松5-24-7,False,True
1580,来間調剤薬局,川崎市幸区戸手2-3-14,False,True
1579,ツバキ薬局,横浜市青葉区あざみ野1-26-10-102,True,True
1578,大和深見西薬局,大和市深見西8-2-13,True,True
1577,ホリウチ薬局,川崎市川崎区駅前本町3-6,True,True
1576,ナガイシ薬局,藤沢市湘南台2-1-1 53田中ビル107号,True,True
1575,センター北調剤薬局,横浜市都筑区中川中央1-1-5 YOTSUBAKO 5F,True,True
1574,サンドラッグ立場薬局,横浜市泉区和泉中央南2-23-21,True,True
1573,サンドラッグ平塚夕陽ヶ丘薬局,平塚市夕陽ヶ丘62-1,True,True
1572,サンドラッグ樽町リリア薬局,横浜市港北区樽町3-6-44,True,True
1571,サンドラッグ相模原淵野辺薬局,相模原市中央区淵野辺1-12-16,True,True
1569,サンドラッグ山手台薬局,横浜市泉区領家2-11-2,True,True
1568,サンドラッグ江ノ島薬局,藤沢市鵠沼海岸1-3-16-2Ｆ,True,True
1567,サンドラッグ茅ヶ崎浜見平薬局,茅ヶ崎市松尾1-20,True,True
1566,サンドラッグ鎌倉常盤薬局,鎌倉市常盤276-1,True,True
1565,サンドラッグ横浜西神奈川薬局,横浜市神奈川区西神奈川1-13-12西神奈川ｱｰﾊﾞﾝﾋﾞﾙ1F,True,True
1564,サンドラッグ荏子田薬局,横浜市青葉区荏子田3-24,True,True
1561,さぎぬま薬局,川崎市宮前区鷺沼1-11-6-103,True,False
1560,薬局トモズ大倉山店,横浜市港北区大倉山2-2-2 横山ビル101号,True,True
1559,薬局トモズ反町店,横浜市神奈川区反町3-17-2,True,True
1558,薬局トモズ長津田店,横浜市緑区長津田5-3-7,True,True
1557,薬局トモズ武蔵小杉店,川崎市中原区小杉町3-432,True,True
1556,クリエイト薬局六浦中学校入口店,横浜市金沢区六浦 1-14-12 金沢八景国際コミュニティプラザ１階,True,False
1555,クリエイト薬局旭二俣川店,横浜市旭区二俣川 1-68-1,True,False
1554,クリエイト薬局藤沢羽鳥店,藤沢市羽鳥 1-2-45,True,False
1553,クリエイト薬局小田原荻窪店,小田原市荻窪 278-5,True,False
1552,クリエイトエス・ディー横浜三ツ境店薬局,横浜市旭区笹野台 1-1-43,True,False
1551,クリエイト薬局三ケ木桜木店,相模原市緑区三ケ木 259-2,True,False
1550,クリエイト薬局港北綱島東店,横浜市港北区綱島東 2-2-14 1階,True,False
1549,クリエイト薬局川崎宮前平店,川崎市宮前区宮前平 2-8-28,True,False
1548,クリエイト薬局茅ヶ崎円蔵店,茅ヶ崎市円蔵 2-12-6,True,False
1546,医療法人社団いそはな会からさわ耳鼻咽喉科,藤沢市柄沢560-4-1,True,True
1545,薬局トモズ横浜ベイクォーター店,横浜市神奈川区金港町1-10 横浜ベイクォーター3F,True,True
1544,薬局トモズ 鷺沼北口店,川崎市宮前区鷺沼4-1-1,True,True
1543,薬局トモズ 関東労災病院前店,川崎市中原区木月住吉町3-17 ｻﾝﾊﾟｰｸ元住吉1階,True,True
1542,あやめ薬局,横浜市都筑区川和町1236-1,True,True
1541,薬局トモズ宮前平店,川崎市宮前区宮前平2-15-15,True,True
1540,薬局トモズ新丸子店,川崎市中原区新丸子町742,True,True
1539,薬局トモズ瀬谷センター店,横浜市瀬谷区中央1-10,True,True
1538,薬樹薬局 相模原,相模原市中央区相模原八丁目1番1号 ﾌﾟﾚｽﾃｰｼﾞさがみ夢大通り1階102号室,True,False
1537,訪問薬樹薬局 保土ケ谷,横浜市保土ケ谷区釜台町44番16号 川口第一ビル,True,False
1536,薬樹薬局 川崎2号店,川崎市川崎区境町3番4号,True,False
1535,薬樹薬局 ライフ溝口店,川崎市高津区溝口五丁目24番8号 ライフ溝口店1階,True,False
1534,健ナビ薬樹薬局 南林間,大和市林間二丁目1番25号 ﾙｯｸﾊｲﾂ南林間1階,True,False
1533,健ナビ薬樹薬局 希望ヶ丘,横浜市旭区中希望が丘132番地 高橋ﾋﾞﾙ,True,False
1532,訪問薬樹薬局 瀬谷,横浜市瀬谷区瀬谷四丁目30番地29,True,False
1530,健ナビ薬樹薬局 矢向2号店,横浜市鶴見区矢向五丁目9番23号 健ﾅﾋﾞﾒﾃﾞｨｶﾙﾓｰﾙ1階,True,False
1529,健ナビ薬樹薬局 鹿島田,川崎市幸区新塚越201番地 ﾙﾘｴ新川崎1階,True,False
1528,薬樹薬局 上倉田,横浜市戸塚区上倉田町447番地1 ﾌﾟﾗｰｼﾞｭ戸塚1階102号室,True,False
1527,薬樹薬局 登戸,川崎市多摩区登戸2428番地4 ロッソペレンネ1階,True,False
1526,薬樹薬局 大和,大和市深見西八丁目2番12号,True,False
1525,薬樹薬局 中央林間,大和市中央林間四丁目16番20号 中央林間メディカルモール1階,True,False
1524,薬樹薬局 厚木旭町,厚木市旭町一丁目27番1号 後藤ビル1階,True,False
1523,薬樹薬局 土橋,川崎市宮前区土橋3丁目3番地1 ﾄﾞｩｰｴ・ｱｺﾙﾃﾞ B1階01号室,True,False
1522,健ナビ薬樹薬局 パークタワー新川崎,川崎市幸区鹿島田一丁目1番5号 パークタワー新川崎104,True,False
1521,薬樹薬局 いせざき町,横浜市中区伊勢佐木町5丁目129番地14 ストーク伊勢佐木七番館1階,True,False
1520,薬樹薬局 馬場,横浜市鶴見区馬場一丁目27番16号,True,False
1519,薬局トモズテラスモール湘南店,藤沢市辻堂神台1-3-1 ﾃﾗｽﾓｰﾙ湘南1階,True,True
1518,薬局トモズ 湘南藤沢オーパ店,藤沢市南藤沢22-3,True,True
1517,薬局トモズ瀬谷南口店,横浜市瀬谷区瀬谷4-9-8,True,True
1516,薬局トモズ日吉店,横浜市港北区日吉本町1-2-15,True,True
1515,薬局トモズ辻堂南口店,藤沢市辻堂1丁目2番24号,True,True
1514,薬局トモズ瀬谷本郷店,横浜市瀬谷区本郷3-20-1 本郷ハイツE101,True,True
1512,フレイズ薬局,茅ヶ崎市本宿町3-4,True,True
1511,クスリのナカヤマ薬局 登戸店,川崎市多摩区登戸3287-1サンネックス峰１階,False,True
1510,クスリのナカヤマ薬局 登戸新町店,川崎市多摩区登戸新町395-1トーヨービルⅢ１階,False,True
1509,クスリのナカヤマ薬局 中野島店,川崎市多摩区中野島6-26-1フジヨシハイム１階,False,True
1508,クスリのナカヤマ薬局 生田駅南口店,川崎市多摩区生田7-2-18,False,True
1507,クスリのナカヤマ薬局 新丸子駅前店,川崎市中原区新丸子東1-832駅前RTビル,False,True
1506,クスリのナカヤマ薬局 向ヶ丘遊園店,川崎市多摩区登戸2767-1 サンシャイン向ヶ丘１階,False,True
1505,クスリのナカヤマ薬局 久地駅前店,川崎市高津区久地4-13-3 タイヘイビル１階,False,True
1504,クスリのナカヤマ薬局 京王稲田堤駅前店,川崎市多摩区菅4-3-32,False,True
1503,クスリのナカヤマ薬局 ガンバ店,川崎市多摩区登戸2684-2丸栄向ヶ丘ビル１階,False,True
1501,永井こども医院,相模原市中央区矢部2-30-3,True,True
1500,一般社団法人日本健康倶楽部 横浜支部,横浜市瀬谷区瀬谷4-5-2 2F,True,False
1499,医療法人郁史会由井クリニック,川崎市川崎区貝塚2-4-19,True,True
1498,しま薬局,川崎市麻生区上麻生5-38-5,False,True
1496,大和駅前ほしのクリニック,大和市大和東1-4-2 3F,True,True
1495,まつむらファミリークリニック,鎌倉市大船1-23-31 浜田ビル3階,True,True
1494,クスリのナカヤマ薬局 向ケ丘遊園北口店,川崎市多摩区登戸2027トゥッティ向ヶ丘遊園１階,False,True
1493,なごみ薬局,横浜市神奈川区東神奈川2-42-5-101,False,True
1492,あおぞら薬局,横浜市青葉区市ケ尾町1167-1-C,False,True
1491,湘南かもめ薬局,藤沢市鵠沼神明5-13-19,True,False
1490,医療法人ピュアメデイカルサイエンス すみれが丘クリニック,横浜市都筑区すみれが丘6-3,True,True
1489,ひがしりんかんたけのこ耳鼻咽喉科,相模原市南区東林間5-1-1 ２F,True,False
1487,パートリア診療所,横浜市金沢区能見台東10-1,True,True
1486,医療法人社団若葉会つづき病院,横浜市都筑区川和町2674-83,True,True
1485,桜道薬局,茅ヶ崎市ひばりが丘７ー１１,False,True
1484,ケーエム薬局上溝店,相模原市中央区千代田６－１－１８－２,False,True
1483,ペンギン薬局,足柄上郡開成町みなみ1-22-13,True,True
1482,きずな薬局,足柄上郡開成町みなみ5-4-17,True,True
1481,医療法人ひまわり会ＰＣＲ検査センター,横浜市中区伊勢佐木町3-107-12  1階,True,True
1480,有限会社ヒロ薬局,横須賀市坂本町3-42,False,True
1479,クオール薬局小倉店,川崎市幸区小倉5-1-20,False,True
1478,クオール薬局新丸子店,川崎市中原区小杉町1-524-2M・H武蔵小杉シャーメゾン1階,False,True
1477,医療法人 桜友会 牧小児科医院,藤沢市湘南台６－６－１０,True,True
1474,望星横浜みどり薬局,横浜市緑区十日市場町1726-13,False,True
1473,たかさき内科,横浜市金沢区富岡西２－３－１,True,False
1472,平石クリニック,横浜市中区山下町74-1大和地所ビル202号,True,False
1470,みどり薬局星川店,横浜市保土ヶ谷区星川1-7-27,True,True
1469,山﨑小児科医院,足柄下郡湯河原町土肥1-14-4,True,True
1467,望星平塚薬局,平塚市富士見町8-44,False,True
1466,アイン薬局 登戸店,川崎市多摩区登戸3487-12,True,True
1465,アイン薬局 相武台店,座間市相武台1-9-12,True,True
1464,アイン薬局 藤沢店,藤沢市藤沢1丁目13-4,True,True
1463,アイン薬局 本厚木店,厚木市水引1丁目17-3,True,True
1462,アイン薬局 米が浜店,横須賀市米が浜通1丁目8-7,True,True
1461,アイン薬局 平塚店,平塚市達上ヶ丘13-23,False,True
1460,アイン薬局 飯島店,横浜市栄区飯島町1329-3,True,True
1459,アイン薬局 日本医大武蔵小杉病院店,川崎市中原区小杉町1-383 別館1F,True,True
1458,アイン薬局 伊勢原店,伊勢原市田中271-1,False,True
1457,アイン薬局 鶴見店,横浜市鶴見区下末吉3丁目7-21,True,True
1456,アイン薬局 秦野赤十字病院店,秦野市立野台1丁目1-2,False,True
1455,あおぞら調剤薬局,平塚市花水台22-10,False,True
1454,アイン薬局 横浜センター南店,横浜市都筑区茅ケ崎中央6-1 サウスウッド2F,True,True
1453,アイン薬局 中央林間店,大和市中央林間4丁目15-3 ジャストイン中央林間1F,True,True
1452,アイン薬局 川崎店,川崎市川崎区日進町1-57 サンスクエア-川崎7号棟1F,True,True
1451,アイン薬局矢向店,横浜市鶴見区矢向5丁目1-12,True,True
1450,アイン薬局 相模原協同病院店,相模原市緑区橋本台4丁目3-2,True,True
1449,アイン薬局 新作店,川崎市高津区新作4丁目12-6 FMビル1F,True,True
1448,アイン薬局 鋼管通店,川崎市川崎区鋼管通1丁目2-2,False,True
1447,アイン薬局 FujisawaSST店,藤沢市辻堂元町6丁目17-1 Wellness SQUARE南館1F,True,True
1446,アイン薬局 六会日大前店,藤沢市亀井野2丁目7-1,False,True
1445,アイン薬局 溝口店,川崎市高津区二子5丁目 1-2 ローゼ高津1F,True,True
1444,アイン薬局 横浜栄店,横浜市栄区桂町132,True,True
1443,アイン薬局 湯河原店,足柄下郡湯河原町中央2丁目7-1,False,True
1442,アイン薬局 高津店,川崎市高津区溝口1丁目17-6 ラピスラズリ1F,True,True
1441,有限会社タンポポ堂,横浜市中区松影町１－３－７ロックヒルズ１Ｆ,True,True
1440,はなだ薬局港南台店,横浜市港南区港南台3-4-1,True,False
1439,クオール薬局大船1号店,鎌倉市大船6-2-3 エクセラ湘南102,False,True
1438,石田薬局,伊勢原市石田667-1,False,True
1437,ポプラ薬局,相模原市南区東林間4-9-6 伸和ビル１Ｆ,True,False
1436,クオール薬局青葉台店,横浜市青葉区たちばな台2-2-43,False,True
1435,ほんあつ薬局,厚木市田村町5-6,False,True
1434,望星鶴見薬局,横浜市鶴見区下末吉3-5-15,False,True
1433,ニッセイ薬局,横浜市青葉区柿の木台1-25,False,True
1432,イオン薬局イオンスタイル横須賀,横須賀市本町2-1-12 コースカベイサイドストアーズ2F,False,True
1429,葉山ひかり薬局二号店,三浦郡葉山町一色1717,False,True
1428,共和薬局,相模原市中央区共和1-6-30,False,True
1427,矢部薬局,相模原市中央区矢部2-29-12,False,True
1426,相薬よこやま薬局,相模原市中央区横山３－１６－２林ビル１F,False,True
1425,星が丘西薬局,相模原市中央区横山3-31-13エリオス1F,False,True
1424,オレンジ薬局荏田店,横浜市都筑区荏田南3－2－13 サザンクロス102号,True,True
1423,スギ薬局 南加瀬店,川崎市幸区南加瀬四丁目11番11号,True,True
1422,プライマリーファーマシー,川崎市宮前区宮前平2-15-2,True,True
1421,横浜磯子呼吸器内科クリニック,横浜市磯子区森1-9-1アクロスキューブ磯子303,True,True
1420,有限会社林間薬局,大和市林間２－２１－３,True,True
1419,日本調剤泉山手台薬局,横浜市泉区弥生台29-10,False,True
1418,日本調剤戸塚薬局,横浜市戸塚区汲沢町５５番地,False,True
1417,日本調剤野毛薬局,横浜市中区野毛町3-160-4 ちぇるる野毛2階,False,True
1416,日本調剤鶴屋町薬局,横浜市神奈川区鶴屋町2-25-1 横浜YS西口ビル1階                                           ,True,True
1415,日本調剤星川薬局,横浜市保土ケ谷区星川２－４－１星川ＳＦビル１階,True,True
1414,日本調剤能見台薬局,横浜市金沢区能見台通4-1,False,True
1413,日本調剤平成薬局,横須賀市安浦町3丁目13,True,True
1412,日本調剤東中町薬局,横浜市鶴見区市場東中町8-7,False,True
1411,日本調剤藤が丘薬局,横浜市青葉区藤が丘１－２８－７,False,True
1410,日本調剤津久井薬局,相模原市緑区中野266-3,False,True
1409,日本調剤秦野薬局,秦野市立野台一丁目２番３号,False,True
1408,日本調剤ザガーデン薬局,川崎市中原区小杉町2-228-1 ﾊﾟｰｸｼﾃｨ武蔵小杉 ｻﾞ ｶﾞｰﾃﾞﾝ ﾀﾜｰｽﾞｳｴｽﾄ W1,False,True
1407,日本調剤川崎駅前薬局,川崎市川崎区日進町28-1,True,True
1406,由野台薬局,相模原市中央区由野台1-23-8,False,True
1405,イオン薬局イオンスタイル横浜瀬谷,横浜市瀬谷区瀬谷4丁目4番10号,False,True
1404,イオン薬局イオンスタイル座間,座間市広野台2-10-4,False,True
1403,イオン薬局茅ヶ崎店,茅ヶ崎市茅ヶ崎2-7-71 イオン茅ヶ崎店1階,False,True
1402,ミチト薬局野庭店,横浜市港南区野庭町665野庭団地サブセンター内,False,True
1401,中央堂桜台薬局,伊勢原市桜台3-1-14,False,True
1400,望星大磯薬局,中郡大磯町月京30-18,False,True
1399,もろとみ薬局,横浜市中区本郷町1-31,True,True
1398,あんず薬局,茅ヶ崎市浜見平10-2,False,True
1397,にじいろ藍薬局,横浜市磯子区丸山1-5-7ｳﾞｨﾗﾃﾞｨﾙｿｰﾚ圓山1階101,False,True
1395,中央堂伊勢原薬局,伊勢原市桜台１－２－１,False,True
1394,さくら薬局 戸塚店,神奈川県横浜市戸塚区上倉田町1921,False,True
1393,シーガル調剤薬局本郷店,神奈川県横浜市栄区中野町27-1,False,True
1392,あおぞら薬局辻堂店,藤沢市辻堂元町５－１３－２５,True,True
1390,（有）アシナ薬局,横須賀市芦名1-6-37,False,True
1389,ながもち薬局,横浜市中区本牧和田12-22,False,True
1388,実際の事業所を表示させるため、検索を実行してください。,,False,False
1387,くすのき薬局,神奈川県平塚市代官町20-2,False,True
1386,医療法人同愛会小澤病院,小田原市本町1-1-17,True,False
1384,ふじみ薬局松林店,神奈川県茅ヶ崎市松林1-16-43,True,True
1383,ふじみ薬局,神奈川県藤沢市辻堂太平台2-13-28,True,True
1381,ウエルシア薬局湯河原店,足柄下郡湯河原町土肥５－８－２,True,True
1380,クローバー薬局,足柄上郡開成町吉田島4352-3,True,True
1379,ウエルシア薬局開成牛島店,足柄上郡開成町みなみ１－５－８,True,True
1378,旭が丘薬局,高座郡寒川町宮山３０１８－６,False,True
1377,ウエルシア薬局寒川大曲店,高座郡寒川町大曲３－１－１２,True,True
1376,ハックドラッグ寒川駅前薬局,高座郡寒川町小谷５７,True,True
1375,ハックドラッグ葉山一色薬局,三浦郡葉山町一色６９３－１,True,True
1374,ハックドラッグ葉山薬局,三浦郡葉山町一色２０１２,True,True
1373,さくら薬局ライズモール綾瀬店,綾瀬市深谷中7丁目18番2号 ライズモール綾瀬1階,False,True
1372,さくら薬局 綾瀬深谷店,綾瀬市深谷中1-4-14,False,True
1371,ウエルシア薬局南足柄店,南足柄市関本７４９－１,True,True
1370,さくら薬局座間相模が丘店,座間市相模が丘6-28-1,False,True
1369,ヤシの木薬局小田急相模原店,座間市相模が丘１－２５－３,False,True
1368,ウエルシア薬局座間入谷店,座間市入谷５－１９８１－１,True,True
1367,ウエルシア薬局座間ひばりが丘店,座間市ひばりが丘４－９－３,True,True
1366,ガーデン薬局西口店,神奈川県海老名市扇町5-8-102,False,True
1365,サガミ薬局,神奈川県海老名市国分北1-38-16,False,True
1364,ガーデン薬局中央店,神奈川県海老名市国分南3丁目7-16,False,True
1363,ガーデン薬局河原口店,神奈川県海老名市河原口2‐30‐27,False,True
1362,ガーデン薬局,神奈川県海老名市中央1-19-35,False,True
1361,さくら薬局 海老名国分南店,海老名市国分南3-8-11,False,True
1360,ウエルシア薬局海老名東柏ケ谷店,海老名市東柏ヶ谷１－２９－３１,True,True
1359,ハックドラッグ海老名上今泉薬局,海老名市上今泉３－１－１,True,True
1358,ハックドラッグさがみ野薬局,海老名市東柏ケ谷３－３－１５,True,True
1357,望星薬局,伊勢原市下糟屋96-2,False,True
1355,武田クリニック,伊勢原市伊勢原２－２－１５,True,False
1354,ウエルシア薬局伊勢原市役所前店,伊勢原市田中３１１－１,True,True
1353,大和駅前PCR検査センター,神奈川県大和市大和東3-1-18 １F,True,True
1352,ウエルシア薬局相模大塚駅前店,大和市桜森三丁目１番１号,True,True
1351,ウエルシア薬局大和南店,大和市大和南１－１２－１６,True,True
1350,ウエルシア薬局大和中央林間店,大和市下鶴間１５９９－２,True,True
1349,ハックドラッグ桜ヶ丘駅前薬局,大和市福田２丁目３－１,True,True
1348,調剤薬局ツルハドラッグ大和駅前店,大和市大和東１-２-１大和ｽｶｲﾋﾞﾙ１F,True,False
1347,調剤薬局ツルハドラッグ南林間駅前店,大和市林間２-１-１南林間リバゲイン１階,True,False
1346,調剤薬局ツルハドラッグ大和渋谷店,大和市渋谷５丁目３９番地３,True,False
1344,さくら薬局厚木飯山店,厚木市飯山2119-7,False,True
1343,ウエルシア薬局本厚木ミロード南館店,厚木市泉町１－１ 小田急本厚木ミロード南館１階２階,True,True
1342,ウエルシア薬局本厚木調剤,厚木市中町４－１４－４ 山口ビル１Ｆ,True,True
1341,ウエルシア薬局厚木中町店,厚木市中町２－８－１２ 喜久屋ビル１Ｆ,True,True
1340,ウエルシア薬局秦野尾尻店,秦野市尾尻５７３番地の１,True,True
1339,ウエルシア薬局秦野平沢店,秦野市平沢５６０－１,True,True
1338,ハックドラッグ逗子葉山駅前薬局,逗子市逗子５‐１‐６,True,True
1337,医療法人社団こどもの森 茅ヶ崎こどもの森クリニック,茅ヶ崎市本村4-22-23,True,True
1336,アスカ薬局茅ヶ崎本店,茅ヶ崎市幸町7-20A,True,True
1335,茅ヶ崎寒川薬剤師会地域医療センター薬局,茅ヶ崎市茅ヶ崎3-4-23,False,True
1334,てっぽうみち薬局,茅ヶ崎市南湖５－１８－１０－２,False,True
1333,ハックドラッグ辻堂薬局,茅ヶ崎市浜竹３－４－４７,True,True
1332,まつの実薬局,茅ヶ崎市常盤町4-35住和常盤町ビル102,False,True
1331,いちょう薬局,小田原市中里３７８,False,True
1330,ウエルシア薬局小田原南鴨宮店,小田原市南鴨宮３－２０－１０,True,True
1329,ウエルシア薬局小田原国府津店,小田原市国府津２９００－１,True,True
1328,ウエルシア薬局小田原中町店,小田原市中町３－４－２８,True,True
1327,ウエルシア薬局小田原栢山店,小田原市栢山３４４番地の２,True,True
1326,ハックエクスプレス小田原ラスカ薬局,小田原市栄町１－１－９ 小田原ラスカ２Ｆ,True,True
1325,ハックドラッグダイナシティ薬局,小田原市中里２０８,True,True
1324,ウエルシア薬局小田原堀之内店,小田原市堀之内２２２－１,True,True
1323,医療法人社団綾和会  間中病院,小田原市本町4-1-26,True,True
1322,中央薬局 藤沢店,藤沢市藤沢1063-13 １階,False,True
1321,さくら薬局 藤沢ライフビル店,藤沢市大庭５６８２－９,False,True
1320,ウエルシア薬局藤沢柄沢店,藤沢市柄沢５８９－３４,True,True
1319,ウエルシア薬局藤沢用田店,藤沢市用田５９９番地の１,True,True
1318,ウエルシア薬局藤沢石川店,藤沢市石川６丁目２１番地の３,True,True
1317,ウエルシア薬局六会日大前駅東口店,藤沢市亀井野１－９－１１,True,True
1316,ウエルシア薬局藤沢市民病院前店,藤沢市藤沢２－２－２８,True,True
1315,ウエルシア薬局ダイエー藤沢店,藤沢市藤沢５２０,True,True
1314,ウエルシア薬局本藤沢店,藤沢市本藤沢二丁目１４－９,True,True
1313,ウエルシア薬局藤沢善行店,藤沢市善行３－１３－３,True,True
1312,ハックドラッグ藤沢遠藤薬局,藤沢市遠藤７８９－４,True,True
1311,ハックドラッグ湘南ライフタウン薬局,藤沢市大庭５５２６－２１,True,True
1310,ハックドラッグＬｕｚ湘南辻堂薬局,藤沢市辻堂神台１－２－１２ Ｌｕｚ湘南辻堂１Ｆ,True,True
1309,ハックドラッグ辻堂羽鳥薬局,藤沢市羽鳥３－１－３８,True,True
1308,ハックドラッグ藤沢白旗薬局,藤沢市藤沢２－３－１５三井ライフスタイルパーク トレアージュ白旗１Ｆ,True,True
1307,ハックドラッグ鵠沼薬局,藤沢市本鵠沼３－１２－３７ プラザ湘南１Ｆ,True,True
1306,調剤薬局ツルハドラッグ藤沢菖蒲沢店,藤沢市菖蒲沢７９２－１,True,False
1305,調剤薬局ツルハドラッグ善行駅前店,藤沢市善行１丁目２５－１ ロイヤル２ビル １Ｆ ,True,False
1304,調剤薬局ツルハドラッグ六会駅前店,藤沢市亀井野 ２－２－３ ポロニア１階,True,False
1303,藤沢駅前PCR検査センター,藤沢市南藤沢２０－２ １階,True,True
1302,薬局アポテイク渡内店,藤沢市渡内４－５－１,False,True
1300,あおば薬局,鎌倉市雪ノ下３－１－３２,False,True
1299,オアシス薬局 深沢店,鎌倉市梶原1-6-10,False,True
1298,ハックドラッグ鎌倉調剤薬局,鎌倉市小町１－５－２１ 鎌倉ＭＯＲＩ ２Ｆ,True,True
1297,ハックドラッグ鎌倉薬局,鎌倉市小町１－５－２１ 鎌倉ＭＯＲＩ １Ｆ,True,True
1296,シーガル調剤薬局,鎌倉市材木座１－７－２５,False,True
1295,さくら薬局 平塚岡崎店,平塚市岡崎3534-1,False,True
1294,さくら薬局 平塚東真土店,平塚市東真土4-19-6,False,True
1293,さくら薬局平塚徳延店,平塚市徳延744-3,False,True
1292,みずほ薬局,平塚市北金目2-36-16,False,True
1291,ウエルシア薬局平塚南金目店,平塚市南金目９３１番地,True,True
1290,ウエルシア薬局平塚四之宮店,平塚市四之宮５－２５－３８,True,True
1289,ウエルシア薬局平塚八重咲店,平塚市八重咲町４番１５号,True,True
1288,ウエルシア薬局平塚真田店,平塚市真田３－１６－２,True,True
1287,平塚駅前PCR検査センター,平塚市宝町２－２ T&T NAKANOビルB１階,True,True
1286,さくら薬局横須賀米が浜店,横須賀市米ヶ浜通1-17-4,False,True
1285,さくら薬局湘南山手店,横須賀市吉井２－３－７,False,True
1284,ハックドラッグ横須賀三笠通り薬局,横須賀市大滝町二丁目２１番地,True,True
1283,ハックドラッグ久里浜駅前はろーど薬局,横須賀市久里浜４－７－１５新八ビル１Ｆ,True,True
1282,ハックドラッグ久里浜薬局,横須賀市久里浜２－１８－１５,True,True
1281,ハックドラッグ湘南山手薬局,横須賀市吉井２－５－１ 相鉄ローゼン湘南山手店１Ｆ,True,True
1280,ハックドラッグ岩戸薬局,横須賀市岩戸１－１０－１１,True,True
1279,ハックドラッグ久里浜海岸薬局,横須賀市久里浜７－１－１４,True,True
1278,ハックドラッグ汐入薬局,横須賀市汐入町２－７－１,True,True
1277,ハックドラッグ横須賀中央薬局,横須賀市若松町２－４ 田丸屋ビル内,True,True
1276,シーガル調剤薬局横須賀池上店,横須賀市池上７－１３－１,False,True
1275,ウエルシア薬局相模大野店,相模原市南区相模大野７－８－１４,True,True
1274,ウエルシア薬局ロビーファイブ相模大野店,相模原市南区相模大野４－５－１,True,True
1273,調剤薬局ツルハドラッグ磯部店,相模原市南区磯部１４０７-１,True,False
1272,調剤薬局クスリのツルハ古淵店,相模原市南区古淵２丁目１６－１ セントラル喜和１Ｆ,True,False
1271,東林メディカル薬局,相模原市南区上鶴間７ー２ー１１ プライムコート２号室,False,True
1270,株式会社 大岡薬局,相模原市南区相模大野３－２－１－１０３,False,True
1269,るりこし薬局,相模原市中央区上溝3926-10,True,True
1268,ウエルシア薬局相模原田名店,相模原市中央区田名４７５７,True,True
1267,ウエルシア薬局相模原東淵野辺店,相模原市中央区東淵野辺五丁目１４番９号 １階,True,True
1266,ウエルシア薬局相模原清新6丁目店,相模原市中央区清新六丁目１番２０号,True,True
1265,ウエルシア薬局相模原星ヶ丘店,相模原市中央区星が丘３－５－１,True,True
1264,ウエルシア薬局相模原清新７丁目店,相模原市中央区清新７丁目６－１７,True,True
1263,ウエルシア薬局相模原清新店,相模原市中央区清新８－３－１,True,True
1262,ウエルシア薬局相模原星が丘２丁目店,相模原市中央区星が丘２－１－１,True,True
1261,調剤薬局ツルハドラッグ相模原由野台店,相模原市中央区由野台２-２８-１２,True,False
1260,調剤薬局ツルハドラッグ上溝店,相模原市中央区上溝３７７９-１,True,False
1259,調剤薬局ツルハドラッグ相模原矢部店,相模原市中央区矢部４丁目１４番９,True,False
1258,調剤薬局ツルハドラッグ淵野辺駅前店,相模原市中央区鹿沼台２－２１－１,True,False
1257,医療法人 奏健 やまもとクリニック,相模原市南区東林間5-13-8,True,True
1256,すずらん薬局 橋本駅前店,相模原市緑区橋本6-5-10中屋第2ビル1階Ｂ室,False,True
1255,さくら薬局 相模原橋本店,相模原市緑区橋本３－１１－５,False,True
1254,ウエルシア薬局橋本５丁目店,相模原市緑区橋本５－１４－４,True,True
1253,調剤薬局ツルハドラッグ相模原西橋本店,相模原市緑区西橋本４丁目８番５５号,True,False
1252,ユミカ内科小児科ファミリークリニック,川崎市麻生区上麻生５－40－１,False,True
1251,さくら薬局 川崎百合丘店,川崎市麻生区百合丘1-18-5 アビタシオン百合ヶ丘1F,False,True
1250,調剤薬局ツルハドラッグ栗平駅前店,川崎市麻生区白鳥３－５－２,True,False
1249,ハックドラッグ川崎柿生薬局,川崎市麻生区上麻生５－４１－１,True,True
1248,ハックドラッグ下麻生薬局,川崎市麻生区下麻生２－１１－７,True,True
1247,ハックドラッグ万福寺薬局,川崎市麻生区万福寺３－１－２Ｏｄａｋｙｕ ＯＸ万福寺店２Ｆ,True,True
1246,クオール薬局聖マリアンナ医大前店,川崎市多摩区長沢2-20-31,False,True
1244,よみうりランド薬局,川崎市多摩区菅仙谷4-1-5,False,True
1243,さくら薬局 川崎栗谷店,川崎市多摩区栗谷３－１－１井田ビル,False,True
1242,ハックドラッグ川崎稲田堤薬局,川崎市多摩区菅５丁目２番２号,True,True
1241,ハックドラッグ宿河原薬局,川崎市多摩区宿河原７－１６－５,True,True
1240,ハックドラッグ長沢薬局,川崎市多摩区長沢４－１－３,True,True
1239,医療法人彩 むとう小児科クリニック,川崎市宮前区土橋３－２－１７,True,True
1238,コスモス薬局,川崎市宮前区有馬５-１８-２２,True,True
1237,有馬センター薬局,川崎市宮前区東有馬３-５-２８,True,True
1236,あいケア薬局野川店,川崎市宮前区野川本町１－３－４２,True,True
1235,医療法人ひまわり会 神奈川ひまわりクリニック,川崎市宮前区宮前平３－３－２６,True,True
1234,ウエルシア薬局二子新地店,川崎市高津区諏訪１丁目１２番１号,True,True
1233,くすりサガミ薬局,川崎市高津区坂戸1-10-10,False,True
1231,ウエルシア薬局川崎平間店,川崎市中原区北谷町５７－５,True,True
1229,ハックドラッグ武蔵中原薬局,川崎市中原区上小田中５－２－２,True,True
1228,調剤薬局ツルハドラッグ新城駅前店,川崎市中原区上新城 ２-１４-２３ アドヴァンススクエア武蔵新城A-２,True,False
1227,武蔵小杉新丸子駅前PCR検査センター,川崎市中原区新丸子町６４８－１,True,True
1226,ドラセナ薬局,川崎市中原区丸子通２－４５０－６,True,True
1225,木下グループ PCR検査センター 武蔵小杉店,川崎市中原区小杉町３－２５８ 石橋ビル１階,True,True
1224,ハックドラッグ鹿島田薬局,川崎市幸区新塚越２０１ サウザンドモール,True,True
1223,有限会社 ミツワ薬局,川崎市幸区塚越２－２５２,False,True
1222,川崎検査クリニック,川崎市川崎区砂子２－８－１ シャンボール互恵ビル２０５,True,True
1221,有限会社 ミドリ薬局,川崎市川崎区新川通１１-１５,True,True
1220,カワセ薬局ふたつ橋店,横浜市瀬谷区瀬谷1-30-10,False,True
1219,ウエルシア薬局瀬谷本郷店,横浜市瀬谷区本郷四丁目３３番地１,True,True
1218,ウエルシア薬局瀬谷阿久和西店,横浜市瀬谷区阿久和西４-１-６,True,True
1217,ウエルシア薬局瀬谷三ツ境店,横浜市瀬谷区二ツ橋町２０５番地,True,True
1216,ハックドラッグ相鉄ライフ三ツ境薬局,横浜市瀬谷区三ツ境２－１９ 相鉄ライフ三ツ境２Ｆ,True,True
1215,ハックドラッグ瀬谷駅北口薬局,横浜市瀬谷区中央３－１０ 守ビル内,True,True
1214,ハックドラッグ三ツ境南薬局,横浜市瀬谷区三ッ境１０－３,True,True
1213,ハックドラッグ相鉄ライフ緑園都市薬局,横浜市泉区緑園四丁目１番地２号 １Ｆ,True,True
1212,ハックドラッグ中田薬局,横浜市泉区中田南３－２－２１,True,True
1211,ハックドラッグ山手台薬局,横浜市泉区領家３－２－４,True,True
1210,ハックドラッグ緑園都市薬局,横浜市泉区緑園４－２－１７,True,True
1208,テンタムス・ジャパン横浜南事業所,横浜市栄区上郷町１１１２－１,True,True
1207,平安薬局,横浜市戸塚区川上町８４－１－４F－C号,True,True
1206,ウエルシア薬局戸塚舞岡店,横浜市戸塚区舞岡町３６０５,True,True
1205,ハックドラッグ戸塚上倉田薬局,横浜市戸塚区上倉田町４７９－２,True,True
1204,ハックドラッグ戸塚区役所薬局,横浜市戸塚区戸塚町１６－１７,True,True
1203,ハックドラッグ戸塚汲沢薬局,横浜市戸塚区汲沢１－２－８,True,True
1202,ハックドラッグサクラス戸塚薬局,横浜市戸塚区戸塚町４２５３－１ サクラス戸塚１Ｆ,True,True
1201,ハックドラッグ東戸塚アネックス薬局,横浜市戸塚区品濃町５３６‐１オーロラモールアネックス６Ｆ,True,True
1200,ハックドラッグ東戸塚オーロラモール薬局,横浜市戸塚区品濃町５３７－１  オーロラモール１Ｆ,True,True
1199,ハックドラッグ東戸塚駅前薬局,横浜市戸塚区品濃町５３９－６ アーバン東戸塚１Ｆ,True,True
1198,ハックドラッグ戸塚東口薬局,横浜市戸塚区上倉田町７６９－１６,True,True
1197,ハックドラッグ戸塚薬局,横浜市戸塚区下倉田町１９０－１,True,True
1196,クオール薬局港北店,横浜市都筑区茅ヶ崎中央３６－６,False,True
1195,ハックドラッグセンター北あいたい薬局,横浜市都筑区中川中央１－１－３ショッピングセンターあいたい２階,True,True
1194,ハックドラッグ都筑ふれあいの丘駅前薬局,横浜市都筑区葛が谷３‐４,True,True
1193,ハックドラッグセンター南駅前薬局,横浜市都筑区茅ヶ崎中央1-2 センター南駅 光ビル3Ｆ,True,True
1192,ハックドラッグ港北東急S.C.薬局,横浜市都筑区茅ヶ崎中央５－１,True,True
1191,めぐみ薬局,横浜市青葉区藤が丘2－3－3第2飯田ビル206,False,True
1190,みどり薬局,横浜市青葉区若草台5-1,True,True
1189,さくら薬局藤が丘店,横浜市青葉区藤が丘１－２８－１９,False,True
1188,ウエルシア薬局藤が丘店,横浜市青葉区藤が丘１－３６－１ アポラン藤が丘内,True,True
1187,ハックドラッグ横浜もえぎ野薬局,横浜市青葉区もえぎ野１番地２,True,True
1186,ハックドラッグ横浜元石川薬局,横浜市青葉区元石川町３７１７番地７,True,True
1185,ハックドラッグ藤が丘駅前薬局,横浜市青葉区藤が丘１－２８－１７,True,True
1184,ハックドラッグ青葉台パルテ薬局,横浜市青葉区青葉台２－８－２０  パルテ青葉台１Ｆ,True,True
1183,ハックドラッグ桂台薬局,横浜市青葉区桂台２－４－１,True,True
1182,ハックドラッグあざみ野薬局,横浜市青葉区あざみ野１－１１ 工藤ビル１Ｆ,True,True
1181,ハックドラッグ青葉台薬局,横浜市青葉区青葉台２－９－１０,True,True
1180,ハックドラッグ美しが丘薬局,横浜市青葉区美しが丘西３－６５－３,True,True
1179,調剤薬局ツルハドラッグたまプラーザ駅東店,横浜市青葉区美しが丘２－１－２７,True,False
1178,ハックドラッグ長津田駅北口薬局,横浜市緑区長津田２－１－２,True,True
1177,ハックドラッグ中山薬局,横浜市緑区台村町１３５－５ パーシモンプラザ１Ｆ,True,True
1176,ハックドラッグ鴨居薬局,横浜市緑区鴨居１－８－２,True,True
1175,調剤薬局ツルハドラッグ長津田みなみ台店,横浜市緑区長津田みなみ台５－２４－１ ﾊﾟｰｸｺｰﾄみなみ台１Ｆ,True,False
1174,調剤薬局ツルハドラッグ中山店,横浜市緑区台村町３５０,True,False
1173,アクア薬局,横浜市港北区樽町1-24-7,False,True
1172,秋本薬局 妙蓮寺店,横浜市港北区菊名1-4-2第一橘ビル１F,False,True
1171,ウエルシア薬局横浜綱島東店,横浜市港北区綱島東４－８－３７,True,True
1170,ウエルシア薬局横浜大豆戸店,横浜市港北区大豆戸町９８０－１,True,True
1169,ハックドラッグ横浜新吉田東薬局,横浜市港北区新吉田東五丁目４５番１号,True,True
1168,ハックドラッグ日吉中央通り薬局,横浜市港北区日吉本町一丁目１９番１４号,True,True
1167,ハックドラッグ綱島駅東口薬局,横浜市港北区綱島東１－５－１７,True,True
1166,ハックドラッグライフガーデン綱島薬局,横浜市港北区樽町３－２－２８ ライフガーデン綱島１Ｆ,True,True
1165,ハックドラッグ綱島駅前薬局,横浜市港北区綱島西１－６－６ アーバンシュロス綱島１Ｆ,True,True
1164,ハックドラッグ新横浜薬局,横浜市港北区新横浜２－３－１０ ＹＫ－８ビル,True,True
1163,ハックドラッグ大倉山薬局,横浜市港北区大倉山３－２－３３ 大倉屋ビル１Ｆ,True,True
1162,ハックドラッグ綱島薬局,横浜市港北区綱島西２－１３－２３,True,True
1161,調剤薬局ツルハドラッグ岸根公園店,横浜市港北区篠原町 １１１３－６ 岸根公園駅前ビル１F,True,False
1160,ハックドラッグ能見台駅前薬局,横浜市金沢区能見台通５－１０,True,True
1159,ハックドラッグ金沢文庫西口薬局,横浜市金沢区谷津町４１９ 文庫ビル,True,True
1158,ハックドラッグビアレヨコハマ薬局,横浜市金沢区並木２－１３－１ ビアレ横浜１Ｆ,True,True
1157,磯子センター薬局,横浜市磯子区洋光台１－１５－７,True,True
1156,ハックドラッグ杉田3丁目薬局,横浜市磯子区杉田三丁目７番１２号,True,True
1155,ハックドラッグ横浜根岸薬局,横浜市磯子区西町１２－１２,True,True
1154,ハックドラッグ杉田商店街薬局,横浜市磯子区杉田一丁目１２番２３号,True,True
1153,ハックドラッグ杉田調剤薬局,横浜市磯子区杉田１－１４－９,True,True
1152,ハックドラッグ洋光台調剤薬局Ⅱ,横浜市磯子区洋光台３－１－１ ショップ２７ ２Ｆ,True,True
1151,ハックドラッグ横浜磯子薬局,神奈川県横浜市磯子区磯子３－１３ Ｋ,True,True
1150,ハックドラッグ洋光台調剤薬局,横浜市磯子区洋光台３－１－１ ショップ２７ １Ｆ,True,True
1149,ハックドラッグらびすた新杉田薬局,横浜市磯子区杉田１－１－１ らびすた新杉田１Ｆ,True,True
1148,ハックドラッグ根岸駅前薬局,横浜市磯子区東町１７－３０,True,True
1147,ハックドラッグ洋光台駅前薬局,横浜市磯子区洋光台３－１－１,True,True
1146,ハックドラッグ磯子駅前薬局,横浜市磯子区森１－７－６,True,True
1145,ハックドラッグ横浜杉田薬局,横浜市磯子区杉田１丁目１５番２６号,True,True
1144,木須薬局駅前店,神奈川県横浜市旭区東希望が丘99-10,False,True
1143,秋本薬局 鶴ケ峰３号店,横浜市旭区鶴ケ峰２－１－２,False,True
1142,カワセ薬局 ひかりが丘店,横浜市旭区上白根891 18-3-102,False,True
1141,カワセ薬局寿店,横浜市旭区笹野台１－７－２２－１,False,True
1140,ハックドラッグジョイナステラス二俣川薬局,横浜市旭区二俣川二丁目５０－１４ ジョイナステラス二俣川２階,True,True
1139,ハックドラッグ鶴ヶ峰薬局,横浜市旭区鶴ヶ峰２－８２－１ ココロット鶴ヶ峰１Ｆ ,True,True
1138,ハックドラッグ希望が丘ＳＣ薬局,横浜市旭区中希望が丘１７７－１Ｋ－１ショッピングセンター２Ｆ,True,True
1137,ハックドラッグ横浜四季の森フォレオ薬局,横浜市旭区上白根３－４１－１ 横浜四季の森フォレオ２Ｆ,True,True
1136,ハックドラッグ希望ヶ丘薬局,横浜市旭区中希望が丘９９－３  第五山庄ビル内,True,True
1135,ハックドラッグ若葉台薬局,横浜市旭区若葉台３－４－１,True,True
1134,田辺薬局横浜常盤店,横浜市保土ヶ谷区常盤台５０－３０,True,True
1133,ハックドラッグ横浜星川薬局,横浜市保土ケ谷区川辺町２番地１  パークホームズ横濱星川 １階,True,True
1132,ハックドラッグ保土ヶ谷帷子町薬局,横浜市保土ヶ谷区帷子町１－４－１ ライオンズプラザ１Ｆ,True,True
1131,ハックドラッグ洪福寺松原薬局,横浜市保土ヶ谷区宮田町１－３－５,True,True
1129,薬保会調剤薬局,横浜市保土ヶ谷区西谷３－１４－２９,True,True
1128,みねおか調剤薬局,横浜市保土ヶ谷区峰岡町２－１２４－１,True,True
1127,上菅田薬局,横浜市保土ヶ谷区上菅田町９５１－４１,True,True
1126,ハックドラッグ上大岡大久保薬局,横浜市港南区大久保１－１６－２,True,True
1125,ハックドラッグ港南台調剤薬局,横浜市港南区港南台３－３－１  ２１４ビル内,True,True
1124,ハックドラッグ港南台駅前薬局,横浜市港南区港南台４－１－３  寺田第一ビル,True,True
1123,ハックドラッグ港南台薬局,横浜市港南区港南台 ４－２４－１７,True,True
1122,ハックドラッグ港南台バーズⅠ薬局,横浜市港南区港南台３－１－３ 港南台バーズ１Ｆ,True,True
1120,すずき内科・胃腸内科クリニック,横浜市戸塚区汲沢8-11-27,True,True
1119,横浜みなと呼吸器内科・内科クリニック,横浜市港南区港南台5-23-30港南台医療モール2F,True,True
1118,さくら薬局 横浜六ツ川店,横浜市南区六ツ川3-79-15,False,True
1117,さくら薬局 横浜井土ケ谷下町店,横浜市南区井土ケ谷下町213 第二江洋ビル1F,False,True
1116,ハックドラッグ横浜六ツ川一丁目薬局,横浜市南区六ツ川一丁目８１番地,True,True
1115,ハックドラッグ横浜弘明寺薬局,横浜市南区弘明寺町２７０番地,True,True
1114,ハックドラッグ横浜南太田薬局,横浜市南区南太田１丁目２１－５,True,True
1113,ハックドラッグ六ツ川ローゼン薬局,横浜市南区六ッ川３－７５,True,True
1112,ハックドラッグ六ッ川薬局,横浜市南区六ッ川２－１０８－３,True,True
1111,ハックドラッグ井土ヶ谷駅前薬局,横浜市南区井土ヶ谷中町１６１,True,True
1110,誠友クリニック,横浜市中区山下町224-2パークポイント山下町１F,True,True
1109,有限会社 日の出薬局,横浜市中区日ノ出町１-28,False,True
1108,田中薬局,横浜市中区伊勢佐木町６-１４７,True,True
1107,田辺薬局山下公園店,横浜市中区山下町２５,True,True
1106,ウエルシア薬局横浜長者町店,横浜市中区長者町３丁目８番地１,True,True
1105,ハックドラッグ横浜元町薬局,横浜市中区元町３丁目１３３番地９ １Ｆ,True,True
1104,ハックドラッグ横浜関内薬局,横浜市中区不老町２丁目９番地１ 関内ワイズビル,True,True
1103,ハックドラッグ曙町薬局,横浜市中区曙町３－３９－１,True,True
1102,ハックドラッグベイタウン本牧５番街薬局,横浜市中区本牧原１２ ベイタウン本牧５番街１Ｆ,True,True
1101,ハックドラッグ新本牧薬局,横浜市中区本牧原１７－２,True,True
1100,ハックドラッグ本牧宮原薬局,横浜市中区本牧宮原１－５ サンタハウス本牧ビル１Ｆ,True,True
1099,調剤薬局ツルハドラッグ横浜日ノ出町駅前店,横浜市中区日ノ出町１丁目２００番 日の出サクアス１０３号,True,False
1098,横浜PCR検査センター2号店,横浜市中区曙町３－３２－１,True,True
1097,横浜PCR検査センター,横浜市中区曙町３－４０,True,True
1096,ピカパカPCRクイック検査センター 関内駅前セルテ店,横浜市中区真砂町３-３３ セルテ中２F,True,True
1095,秋本薬局横浜西口店,横浜市西区南幸2-17-5 西口第二甘糟ビル１Ｆ,False,True
1094,さくら薬局 横浜西口天理ビル店,横浜市西区北幸1-4-1 天理ﾋﾞﾙB1F,False,True
1093,田辺薬局横浜平沼店,横浜市西区平沼２－７－１４,False,True
1092,株式会社メタボスクリーン 横浜研究所,横浜市西区中央１－３１－６ ナガタビル３０１,True,False
1091,ピカパカPCRクイック検査センター 横浜駅前店,横浜市西区南幸２-１４-１６ やまと屋ビル3F,True,True
1090,ハックドラッグ新子安調剤薬局,横浜市神奈川区新子安１－２－４オルトヨコハマビジネスセンター１Ｆ Ｅ－０６区画,True,True
1089,ハックドラッグ片倉コープ薬局,横浜市神奈川区片倉１－１６－３ コープかながわ片倉店２Ｆ,True,True
1088,ハックドラッグ新子安薬局,横浜市神奈川区新子安１－２－４オルトヨコハマビジネスセンター１Ｆ,True,True
1087,共創未来片倉薬局,横浜市神奈川区片倉２－１－１７,False,True
1086,阿部薬局,横浜市鶴見区豊岡町21-23,False,True
1085,さくら薬局 鶴見栄町店,横浜市鶴見区栄町通4-46-4,False,True
1084,ハックドラッグ鶴見下野谷薬局,横浜市鶴見区下野谷町三丁目８８番１,True,True
1082,ハックドラッグ鶴見薬局,横浜市鶴見区豊岡町１－５ 京急ストア鶴見西店内,True,True
1081,調剤薬局ツルハドラッグ鶴見市場店,横浜市鶴見区市場東中町５－１１,True,False
1080,あろま薬局,横浜市鶴見区駒岡３－１８－５ メゾンユウユウ１階２号室,True,True
