№,実施者区分,施設等名称,所在地,方部,連絡先,pcr,antigen,対面,オンライン,ドライブスルー,検査対応曜日（特に記載がないものは祝日を除く）,検査対応時間,予約要否,事業開始日,備考
1,薬局,あおぞら薬局競馬場前店検査場,福島県 福島市旭町7-13,県北,オンラインで24時間（問い合わせは平日13～17時024-536-1620）オンライン予約先http://www.sig.co.jp/aozora/,False,True,True,False,False,月～土,"平日：10時～18時
土：10時～13時",要予約,2022-04-01,
2,薬局,福島薬剤師会福島市保健福祉センター北側駐車場無料検査所,福島県 福島市森合町10-6,県北,"平日13～17時（090-5345-7088）
オンライン予約先(24時間）http://www.f-yaku.com/よりリンク",False,True,True,False,False,土、日、祝,"土：15時～18時
日・祝日：9時～12時",要予約,2022-04-01,
3,薬局,有限会社しみず薬局,福島県 福島市大森字舘ノ内74-1,県北,024-545-8298,False,True,True,False,False,月火水金,"月火水金：12時～17時
上記以外の時間は要相談",要予約,2022-04-01,
4,薬局,ぷらんたん薬局,福島県 福島市渡利字沼ノ町45,県北,024-521-1010,False,True,False,False,True,月～金,"10時～12時
14時～16時",要予約,2022-04-01,予約の申込みは平日の9：00～17：00にお願いします
5,薬局,ぷらんたん薬局ささや,福島県 福島市笹谷字塗谷地37-15,県北,024-555-0880,False,True,False,False,True,月～金,"10時～12時
14時～16時",要予約,2022-04-01,予約の申込みは平日の9：00～17：00にお願いします
6,薬局,アジア堂薬局,福島県 福島市伏拝字台田３－３,県北,024-546-7059,False,True,True,False,False,月～金,"10時～12時、
14時～17時",要予約,2022-04-01,
7,薬局,みはる調剤薬局おやま店,福島県 福島市御山字検田83-4,県北,024-535-5501,False,True,False,False,True,月～金,13時～16時,要予約,2022-04-01,
8,薬局,アップル薬局八木田店,福島県 福島市八木田字井戸上89-5,県北,024-544-1941,False,True,False,False,True,月～金,10時～12時、14時～16時,要予約,2022-04-01,
9,薬局,アイン薬局　福島店,福島県 福島市上町5-6 上町テラス1Ｆ,県北,024-573-5721,True,True,True,False,False,月～金、日,9時～18時,要予約,2022-04-01,
10,薬局,アイン薬局　福島鎌田店,福島県 福島市鎌田字舟戸前9-1,県北,024-553-8399,True,False,True,False,False,月金,13時～14時、18時～19時,要予約,2022-04-01,
11,薬局,アイン薬局　南福島店,福島県 福島市伏拝字台田21-2,県北,024-573-9934,True,False,True,False,False,水土,9時～14時,要予約,2022-04-01,
12,医療機関,福島セントラルクリニック,福島県 福島市早稲町8番22号,県北,024-522-7701,True,True,True,False,False,月～金,14時～17時,要予約,2022-04-01,
13,薬局,あおば薬局,福島県 福島市南矢野目字鼓原18-18,県北,024-553-8028,False,True,True,False,False,月～金,14時～19時,要予約,2022-04-01,
14,薬局,そうごう薬局　福島笹木野店,福島県 福島市笹木野字中西裏18-4,県北,024-555-1071,False,True,False,False,True,月～土,"月火木金：12時～16時
水：9時～17時
土：14時～17時",要予約,2022-04-01,
15,薬局,ほうらい薬局,福島県 福島市蓬莱町２丁目２－２,県北,024-549-2191,False,True,True,False,True,月～金,14時～17時,要予約,2022-04-01,
16,薬局,ファーマライズ薬局　鎌田店,福島県 福島市鎌田字中江１０－５,県北,090-1608-9864,True,True,False,False,True,月火木金,9時～13時,要予約,2022-04-01,
17,薬局,イオン薬局福島店,福島県 福島市南矢野目字西荒田50番地の17,県北,024-558-8512,False,True,True,False,False,年中無休,10時～17時,要予約,2022-04-01,
18,薬局,有限会社しみず薬局しのぶヶ丘店,福島県 福島市矢倉下14-1,県北,024-531-1811,False,True,False,False,True,月～金,月～金：13時～17時,要予約,2022-04-01,
19,薬局,有限会社しみず薬局南中央店,福島県 福島市南中央一丁目65-5　ラフィーネ101,県北,024-536-3363,False,True,False,False,True,月火木金,14時～17時,要予約,2022-04-01,
20,薬局,日本調剤　福島薬局,福島県 福島市八島町2-22,県北,024-573-0103,True,True,True,True,False,月～金,10時～12時、14時～17時,要予約,2022-04-01,
21,薬局,ふたば薬局　笹谷店,福島県 福島市笹谷字中田4-17,県北,024-555-5535,False,True,False,False,True,月火木金,10時～12時、13時～16時,要予約,2022-04-01,
22,薬局,クラフト薬局　福島南沢又店,福島県 福島市南沢又字桜内33番地の3,県北,024-563-3536,False,True,False,False,True,月～金,"月火水金：9時～17時
木：9時～13時",要予約,2022-04-01,
23,薬局,薬局いずみ調剤,福島県 福島市泉字弐斗蒔35-2　,県北,024-556-0111,False,True,False,False,True,月～金,9時～18時,要予約,2022-04-01,
24,薬局,ウエルシア薬局福島八島田店,福島県 福島市八島田8番地の1,県北,024-555-6035,True,True,True,False,False,月～金,"9時30分～13時30分
14時30分～18時30分",要予約,2022-04-01,"HPから予約可能
https://www.welcia-yakkyoku.co.jp/"
25,薬局,ウエルシア薬局福島鎌田店,福島県 福島市鎌田字西５番地１,県北,024-552-6428,True,True,True,False,False,月～土,9時～19時,要予約,2022-04-01,"HPから予約可能
https://www.welcia-yakkyoku.co.jp/"
26,薬局,ウエルシア薬局福島大森店,福島県 福島市大森字堂ノ裏６２番地,県北,024-544-0301,True,True,True,False,False,月～土,"9時30分～13時30分、
14時30分～18時30分",要予約,2022-04-01,"HPから予約可能
https://www.welcia-yakkyoku.co.jp/"
27,薬局,ウエルシア薬局福島早稲店,福島県 福島市早稲町８－２２　一番丁キャッスル１Ｆ,県北,024-526-0230,True,True,True,False,False,月～日、祝,"月水金：9時～20時
火木土：9時～19時
日：9時～14時、15時～17時
祝日：9時～14時、15時～19時",要予約,2022-04-01,"HPから予約可能
https://www.welcia-yakkyoku.co.jp/"
28,薬局,クスリのアオキ福島野田薬局,福島県 福島市野田町四丁目11番3号,県北,024-563-5528,True,True,True,True,True,月～日、祝,9時～22時,予約不要,2022-04-01,"月～金　9:00-19:00　土　9:00-13:00（薬局　024-563-5528）
上記以外の時間帯（店舗　024-572-6067）
よくあるご質問はクスリのアオキHPにてご確認をお願い致します。"
29,薬局,クスリのアオキ太平寺薬局,福島県 福島市太平寺字沖高55番地,県北,024-563-7728,True,True,True,True,True,月～日、祝,9時～22時,予約不要,2022-04-01,"月～金　9:00-18:00　土　9:00-13:00（薬局　024-563-7728）
上記以外の時間帯（店舗　024-572-3317）
よくあるご質問はクスリのアオキHPにてご確認をお願い致します。"
30,薬局,クスリのアオキ松川薬局,福島県 福島市松川町字鼓ケ岡3番地の2,県北,024-597-6617,True,True,True,True,True,月～日、祝,9時～22時,予約不要,2022-04-01,"月～金　9:00-18:00　土　9:00-13:00（薬局　024-597-6617）
上記以外の時間帯（店舗　024-572-5705）
よくあるご質問はクスリのアオキHPにてご確認をお願い致します。"
31,薬局,アイン薬局　二本松店,福島県 二本松市成田町1丁目812-3,県北,0243-22-8899,True,False,False,False,True,木金,13時～18時,要予約,2022-04-01,
32,薬局,山口薬局　二本松店,福島県 二本松市本町一丁目48,県北,0243-62-3105,True,True,True,False,False,月～土,8時30分～14時,要予約,2022-04-01,
33,薬局,コスモ調剤薬局西池店,福島県 二本松市槻木２５０－４,県北,0243-62-1080,False,True,False,False,True,月火木金,14時～16時,要予約,2022-04-01,
34,薬局,調剤薬局ツルハドラッグ二本松店,福島県 二本松市若宮2丁目93,県北,0243-62-0280,True,True,True,False,False,月～金,"PCR検査：9時30分～13時
抗原定性検査：9時30分～13時",予約不要,2022-04-01,
35,薬局,アップル薬局　保原店,福島県 伊達市保原町9丁目3-25,県北,024-575-3633,False,True,True,False,False,月～土,13時20分～15時20分,要予約,2022-04-01,
36,薬局,保原薬局本店,福島県 伊達市保原町字城ノ内57番地1,県北,024-575-2109,False,True,True,False,False,月～金,9時～10時、15時～17時,要予約,2022-04-01,
37,薬局,ウエルシア薬局伊達保原店,福島県 伊達市保原町前田町２７－２,県北,024-574-2875,True,True,True,False,False,月～金,10時～14時、15時～19時,要予約,2022-04-01,"HPから予約可能
https://www.welcia-yakkyoku.co.jp/"
38,薬局,うさぎ薬局保原店,福島県 伊達市保原町大泉字大地内１１４－１,県北,024-597-6580,False,True,False,False,True,月～土,"月～金：13時～14時、
　　　　　17時～18時
土：13時～14時",要予約,2022-04-01,
39,薬局,有限会社しみず薬局保原店,福島県 伊達市保原町二井田字秋切1-1,県北,024-574-2540,False,True,False,False,True,月火水木金,12時～17時,要予約,2022-04-01,
40,薬局,エール薬局伊達店,福島県 伊達市岡前２０番４,県北,024-551-1077,False,True,False,False,True,月～金,14時～16時,要予約,2022-04-01,
41,医療機関,医療法人　菊地整形外科,福島県 伊達市坂ノ上10-1,県北,024-583-2633,True,False,False,False,True,月～土,"月・火・水・金：9時～11時、
14時～16時
木：9時～11時
土：9時～10時30分",要予約,2022-04-01,
42,薬局,保原薬局伊達店,福島県 伊達市箱崎字中21-6,県北,090-7072-4215,False,True,True,False,False,月～金,9時～10時、15時～17時,要予約,2022-04-01,
43,薬局,ウエルシア薬局伊達新梁川店,福島県 伊達市梁川町広瀬町４３番地,県北,024-527-2172,True,True,True,False,False,月～土,"月～土：9時30分～14時
月～金：15時～18時30分",要予約,2022-04-01,"HPから予約可能
https://www.welcia-yakkyoku.co.jp/"
44,薬局,アップル薬局　掛田店,福島県 伊達市霊山町掛田字西裏55,県北,024-586-3511,False,True,True,False,False,月～土,"月火木金：8時30分～18時
水土：8時30分～17時30分",要予約,2022-04-01,
45,医療機関,本宮市国民健康保険白岩診療所,福島県 本宮市白岩字田中225-8,県北,0234-44-2008,False,True,False,False,True,月～金,"月水金：9時～11時30分
火木：9時～11時30分、
13時～15時30分",要予約,2022-04-01,
46,薬局,そうごう薬局　本宮店,福島県 本宮市本宮字南町裡117-3,県北,0243-34-6031,False,True,True,False,False,火木,13時～16時,要予約,2022-04-01,
47,薬局,ウエルシア薬局福島本宮店,福島県 本宮市本宮字舘町１９４,県北,0243-63-1623,True,True,True,False,False,月～土,9時～19時,要予約,2022-04-01,"HPから予約可能
https://www.welcia-yakkyoku.co.jp/"
48,薬局,ウエルシア薬局伊達桑折店,福島県 伊達郡桑折町字北町５０番地の１,県北,024-581-2139,True,True,True,False,False,月～金,"9時30分～14時、
15時～18時30分",要予約,2022-04-01,"HPから予約可能
https://www.welcia-yakkyoku.co.jp/"
49,薬局,日本調剤　国見薬局,福島県 伊達郡国見町大字塚野目字下三本木2-1,県北,024-529-1233,True,True,True,True,False,月～金,10時～12時、14時～17時,要予約,2022-04-01,
50,薬局,アイン薬局　国見店,福島県 伊達郡国見町大字塚野目字三本木10-1,県北,024-529-1165,True,False,False,False,True,火水木,15時～17時,要予約,2022-04-01,
51,薬局,ウエルシア薬局伊達国見店,福島県 伊達郡国見町大字藤田字中沢一１０番地１,県北,024-529-2107,True,True,True,False,False,月～土,"月～金：9時～19時
土：9時～14時、15時～17時",要予約,2022-04-01,"HPから予約可能
https://www.welcia-yakkyoku.co.jp/"
52,薬局,ハシドラッグ川俣薬局,福島県 伊達郡川俣町鶴沢字社前83-1,県北,080-4518-2813,False,True,True,False,False,月～金,"9時～13時
14時～18時30分",要予約,2022-04-01,
53,薬局,ファミリー薬局,福島県 伊達郡桑折町堰合21-9,県北,024-581-0090,False,True,False,False,True,月～土,"平日：8時30分～18時30分
土：8時30分～12時30分",要予約,2022-04-06,
54,医療機関,TCB　東京中央美容外科　福島院,福島県 福島市置賜町1-29　佐平ビル1F,県北,0120-994-046,True,False,False,True,False,受付はクリニック開院日に準ずる,10時～19時,予約不要,2022-04-08,"営業日の確認はこちら
https://pcr.tokyo-brain.clinic/"
55,薬局,ふたば薬局　藤田店,福島県 伊達郡国見町大字塚目字三本木11-1,県北,024-585-1113,False,True,False,False,True,月～金,14時～16時,要予約,2022-04-13,"ゴールデンウィーク、お盆、
年末年始：要確認"
56,医療機関,医療法人明信会　今泉西病院,福島県 郡山市朝日2丁目18番8号,県中,024-934-1515,True,False,True,False,False,月火水金土,"13時30分～14時
（予約受付：10時～11時）",要予約,2022-04-01,
57,薬局,フジ薬局本店,福島県 郡山市備前舘一丁目148番地,県中,024-925-0978,True,True,True,False,True,月～土,"月～金：10時～16時
土：10時～12時",要予約,2022-04-01,
58,薬局,アイン薬局　西ノ内店,福島県 郡山市西ノ内2丁目10-32,県中,024-991-9903,True,False,True,False,True,月～金,16時～18時,要予約,2022-04-01,
59,薬局,アイン薬局　郡山名倉店,福島県 郡山市名倉23-2,県中,024-954-6321,True,False,False,False,True,月～金,"月～木：8時30分～12時30分
金：9時～15時",要予約,2022-04-01,
60,薬局,柴宮調剤薬局,福島県 郡山市久留米6丁目163-1,県中,024-937-2790,True,False,False,False,True,月火木金,13時～14時、18時30分～19時,要予約,2022-04-01,
61,薬局,調剤薬局ミッテル　大槻店,福島県 郡山市大槻町字広町28-4,県中,024-961-7600,False,True,False,False,True,水,15～16時,要予約,2022-04-01,
62,薬局,調剤薬局ミッテル　富田店,福島県 郡山市不動前一丁目40番地,県中,024-931-5655,False,True,False,False,True,木,15時30分～16時30分,要予約,2022-04-01,
63,薬局,調剤薬局ミッテル　桑野店,福島県 郡山市桑野一丁目25-7,県中,024-939-0511,False,True,False,False,True,木,15時30分～16時30分,要予約,2022-04-01,
64,薬局,調剤薬局ミッテル　開成店,福島県 郡山市開成6-192-1,県中,024-935-7336,False,True,False,False,True,月水金,9時～10時、14時～15時,要予約,2022-04-01,
65,薬局,山口薬局　大町店,福島県 郡山市大町二丁目15-2,県中,024-939-2929,True,True,True,False,False,月～土,9時～15時,要予約,2022-04-01,
66,薬局,山口薬局　本町店,福島県 郡山市本町一丁目14-19,県中,024-954-7770,True,True,True,False,False,月～土,"月～金：9時～15時
土：9時～13時",要予約,2022-04-01,
67,薬局,山口薬局　長久保店,福島県 郡山市安積町長久保一丁目4-4,県中,024-954-5667,True,True,True,False,False,月～土,"月火水金：9時～14時
木：9時～11時
土：9時～10時",要予約,2022-04-01,
68,医療機関,公益財団法人　星総合病院,福島県 郡山市向河原町１５９番１号　,県中,024-983-5026,True,False,True,False,False,月～金,10時～12時,要予約,2022-04-01,
69,医療機関,鈴木医院,福島県 郡山市湖南町舘字伊勢ノ前1237番地5,県中,024-982-2113,False,True,False,False,True,月～土,"月火木金：10時～12時、
14時～16時
水土：10時～12時",要予約,2022-04-01,
70,薬局,郡山調剤薬局,福島県 郡山市並木2丁目12-12,県中,024-939-4193,False,True,False,False,True,土,15時～16時,要予約,2022-04-01,
71,薬局,日本調剤　郡山薬局,福島県 郡山市向河原町4-40　郡山駅東ショッピングセンター内,県中,024-941-1301,True,True,True,True,False,月～金,10時～12時、14時～17時,要予約,2022-04-01,
72,薬局,阿部調剤薬局,福島県 郡山市熱海町熱海５−１９９−６,県中,024-984-6800,False,True,True,False,False,火金土,"火金：15時30分～17時30分
土：11時30分～13時30分",要予約,2022-04-01,
73,薬局,エール薬局日和田店,福島県 郡山市日和田町字南原２－３５０　,県中,024-968-1223,False,True,False,False,True,月～水,14時～16時,要予約,2022-04-01,
74,薬局,コスモヘルスケア薬局,福島県 郡山市桑野三丁目１１番３号,県中,024-973-8440,False,True,False,False,True,月水金,15時～17時,要予約,2022-04-01,
75,薬局,コスモ調剤薬局　大槻西店,福島県 郡山市大槻町字桜木６番４号,県中,024-962-7472,False,True,True,False,False,月火木金,14時30分～16時30分,要予約,2022-04-01,
76,薬局,郡山調剤薬局虎丸店,福島県 郡山市虎丸町1-5,県中,024-927-8011,False,True,False,False,True,月～土,"月火水金土：14時～15時
木：11時～13時、14時～15時",要予約,2022-04-01,
77,薬局,調剤薬局レミーロ,福島県 郡山市御前町南一丁目46番地,県中,024-962-4850,True,True,True,False,False,月～土,10時～12時、14時～16時,要予約,2022-04-01,
78,薬局,さくら薬局磐梯熱海店,福島県 郡山市熱海町熱海5-196,県中,024-984-4976,False,True,True,False,False,月～金,9時～17時,要予約,2022-04-01,
79,薬局,さくら薬局　みなみ壱番店,福島県 郡山市冨久山町久保田字伊賀河原4,県中,024-925-4193,False,True,True,False,False,月～金,9時～17時,要予約,2022-04-01,
80,薬局,ウエルシア薬局郡山長者店,福島県 郡山市長者一丁目6番20号,県中,024-927-1024,True,True,True,False,False,月～土,"月～金：9時30分～14時、
15時～18時30分
土：9時30分～14時、
15時～16時　",要予約,2022-04-01,"HPから予約可能
https://www.welcia-yakkyoku.co.jp/"
81,薬局,ウエルシア薬局郡山富田店,福島県 郡山市名郷田二丁目48番地,県中,024-936-4061,True,True,True,False,False,月～土,"9時30分～13時30分
14時30分～18時30分",要予約,2022-04-01,"HPから予約可能
https://www.welcia-yakkyoku.co.jp/"
82,薬局,ウエルシア薬局郡山桑野店,福島県 郡山市桑野４丁目６－２,県中,024-927-1138,True,True,True,False,False,月～土,"月～金：9時～20時
土：9時～19時",要予約,2022-04-01,"HPから予約可能
https://www.welcia-yakkyoku.co.jp/"
83,薬局,ウエルシア薬局郡山小原田店,福島県 郡山市小原田３丁目３番１４号,県中,024-941-3618,True,True,True,False,False,月～土,9時～19時,要予約,2022-04-01,"HPから予約可能
https://www.welcia-yakkyoku.co.jp/"
84,薬局,ウエルシア薬局郡山開成店,福島県 郡山市開成６－１４９－１,県中,024-927-0503,True,True,True,False,False,月～土,9時～19時,要予約,2022-04-01,"HPから予約可能
https://www.welcia-yakkyoku.co.jp/"
85,薬局,ウエルシア薬局郡山駅東口店,福島県 郡山市谷島町６番１８号,県中,024-941-2615,True,True,True,False,False,月～金,"9時30分～13時30分
14時30分～18時30分",要予約,2022-04-01,"HPから予約可能
https://www.welcia-yakkyoku.co.jp/"
86,薬局,調剤薬局ツルハドラッグ郡山さくら通り店,福島県 郡山市虎丸町2-1,県中,024-927-4268,True,True,True,False,False,月～金,"PCR検査：9時～13時
抗原定性検査：9時～13時",要予約,2022-04-01,"ツルハＨＰから予約
https://www.tsuruha-hd.com/pcr/area/tohoku/fukushima/2976.html"
87,薬局,調剤薬局ツルハドラッグ郡山片平店,福島県 郡山市中ノ目1丁目17,県中,024-962-7811,True,True,True,False,False,月～金,"PCR検査：9時～13時
抗原定性検査：9時～13時",要予約,2022-04-01,"ツルハＨＰから予約
https://www.tsuruha-hd.com/pcr/area/tohoku/fukushima/2978.html"
88,薬局,調剤薬局ツルハドラッグ郡山駅東店,福島県 郡山市向河原町4-40,県中,024-941-2668,True,True,True,False,False,月～金,"PCR検査：9時～13時
抗原定性検査：9時～13時",要予約,2022-04-01,"ツルハＨＰから予約
https://www.tsuruha-hd.com/pcr/area/tohoku/fukushima/2980.html"
89,薬局,調剤薬局ツルハドラッグ郡山安積店,福島県 郡山市安積4丁目203,県中,024-937-3560,True,True,True,False,False,月～金,"PCR検査：9時30分～13時
抗原定性検査：9時30分～13時",予約不要,2022-04-01,
90,薬局,クスリのアオキ桑野大島薬局,福島県 郡山市桑野四丁目5番地の20,県中,024-953-7560,True,True,True,True,True,月～日、祝,9時～22時,予約不要,2022-04-01,"月～金　9:00-18:00（薬局　024-953-7560）
上記以外の時間帯（店舗　024-953-5415）
よくあるご質問はクスリのアオキHPにてご確認をお願い致します。"
91,薬局,自由ヶ丘調剤薬局,福島県 須賀川市和田弥六内356-5,県中,0248-72-2566,False,True,True,False,False,月火金,14時～15時,要予約,2022-04-01,
92,薬局,サンプラス調剤薬局,福島県 須賀川市南町93,県中,0248-63-2678,True,True,True,True,True,月～土,10時～13時、14時～17時,要予約,2022-04-01,
93,薬局,フジ薬局,福島県 須賀川市本町47　,県中,0248-72-2003,True,True,True,True,True,月～土,"月～金：10時～13時、
14時～17時
土：10時～12時",要予約,2022-04-01,
94,薬局,すみれ薬局,福島県 須賀川市宮先町25-1,県中,0248-94-8343,True,True,True,True,True,月火金土,"9時30分～13時、
14時～17時",要予約,2022-04-01,
95,薬局,さくら薬局　須賀川北町店,福島県 須賀川市北町10-1,県中,0248-72-3121,False,True,False,False,True,月～金,9時～17時,要予約,2022-04-01,
96,医療機関,たむら市民病院,福島県 田村市船引町船引字南町通111,県中,0247-82-1117,True,False,True,False,False,月～土,"月火水金：13時～15時
木土：11時～12時",要予約,2022-04-01,
97,薬局,コスモ調剤薬局　東部台店,福島県 田村市船引町東部台３－８１,県中,0247-81-2205,False,True,True,False,False,火木金,14時～16時,要予約,2022-04-01,
98,薬局,みはる調剤薬局ときわ店,福島県 田村市常葉町常葉字中町７３ ,県中,0247-61-5530,False,True,False,False,True,月火水木土,13時～17時,要予約,2022-04-01,
99,医療機関,医療法人仁ノ会鏡石クリニック,福島県 岩瀬郡鏡石町本町201-3,県中,0248-92-2113,True,False,True,False,False,月～土,"月火水金：8時30分～12時、
14時30分～17時
水土：8時30分～12時",予約不要,2022-04-01,
100,薬局,ウエルシア薬局岩瀬鏡石店,福島県 岩瀬郡鏡石町不時沼２０５番地,県中,0248-92-3461,True,True,True,False,False,月～土,"月～金：9時～19時
土：9時～14時、15時～16時",要予約,2022-04-01,"HPから予約可能
https://www.welcia-yakkyoku.co.jp/"
101,薬局,アイン薬局　福島石川店,福島県 石川郡石川町字立ヶ岡50-11,県中,0247-56-3883,True,False,False,False,True,月火木金,"13時30分～14時30分、
17時～18時",要予約,2022-04-01,
102,薬局,サンキュー薬局,福島県 石川郡石川町双里字本宮71-1,県中,0247-26-3911,False,True,True,False,False,月～土,"月～金：10時～12時、
13時30分～16時
土：10時～12時",要予約,2022-04-01,
103,薬局,ウエルシア薬局福島玉川店,福島県 石川郡玉川村小高字稲荷畷２４－１,県中,0247-37-1081,True,True,True,False,False,月～金,9時～14時、15時～19時,要予約,2022-04-01,"HPから予約可能
https://www.welcia-yakkyoku.co.jp/"
104,薬局,コスモ調剤薬局　古殿町店,福島県 石川郡古殿町大字松川字林１４－３,県中,0247-32-1892,False,True,False,False,True,火水金,14時～16時,要予約,2022-04-01,
105,薬局,みはる調剤薬局,福島県 田村郡三春町大町３２-１,県中,0247-61-1617,False,True,False,False,True,月～金,13時～17時,要予約,2022-04-01,
106,薬局,きよはし薬局駅前店,福島県 田村郡三春町字担橋２-１-５,県中,0247-61-1101,False,True,False,False,True,月～土,"月火木金：9時～16時
水土：9時～13時",要予約,2022-04-01,
107,薬局,さくら調剤薬局,福島県 田村郡三春町字六升蒔50-11,県中,0247-61-2555,False,True,False,False,True,月金,10時～12時、14時～16時,要予約,2022-04-01,
108,医療機関,三春町立三春病院,福島県 田村郡三春町字六升蒔50番地,県中,0247-62-3131,True,False,False,False,True,月～土,10時～11時,要予約,2022-04-01,
109,薬局,ヤナイ調剤薬局,福島県 田村郡小野町大字小野新町字荒町３,県中,0247-72-5912,False,True,False,False,True,月～土,"月火木金：13時～15時
水土：13時～17時",要予約,2022-04-01,
110,医療機関,TCB　東京中央美容外科　郡山院,福島県 郡山市駅前二丁目3-7　エリートビル30ビル7F,県中,0120-994-046,True,False,False,True,False,受付はクリニック開院日に準ずる,10時～19時,予約不要,2022-04-06,"営業日の確認はこちら
https://pcr.tokyo-brain.clinic/"
111,薬局,アリビオ薬局　八山田店,福島県 郡山市八山田5-77,県中,024-935-5505,False,True,True,False,False,月火木金土,8時30分～12時,要予約,2022-06-20,
112,薬局,さくら薬局　北白河店,福島県 白河市豊地弥次郎2-1,県南,0248-21-1836,True,True,False,False,True,"月～金
第2・4・5土曜","月～金：8時30分～17時30分
第2・4・5土曜：8時30分～13時",予約不要,2022-04-01,
113,薬局,あけぼの薬局　新白河店,福島県 白河市豊地弥次郎91－1,県南,024-821-7186,False,True,False,False,True,月～金,"9時～11時30分、
14時30分～17時30分",要予約,2022-04-01,
114,薬局,ウエルシア薬局西白河西郷店,福島県 西白河郡西郷村大字米字中山前８４番地１０,県南,0248-21-2566,True,True,True,False,False,月～土,"月～金：9時30分～19時
土：9時30分～14時、
15時～16時",要予約,2022-04-01,"HPから予約可能
https://www.welcia-yakkyoku.co.jp/"
115,薬局,ウエルシア薬局西白河中島店,福島県 西白河郡中島村大字二子塚字浦山３２－１６,県南,0248-51-1062,True,True,True,False,False,月～金,"10時～14時
15時～19時",要予約,2022-04-01,"HPから予約可能
https://www.welcia-yakkyoku.co.jp/"
116,薬局,フジ薬局矢吹店,福島県 西白河郡矢吹町八幡町272,県南,0248-41-2201,True,True,True,True,True,月～土,"月火木金土：9時30分～13時、15時～17時
水：9時30分～12時30分",要予約,2022-04-01,
117,薬局,ウエルシア薬局東白川棚倉店,福島県 東白川郡棚倉町大字流字餅田１６－１,県南,0247-23-1310,True,True,True,False,False,月～金,"10時～14時　
15時～19時",要予約,2022-04-01,"HPから予約可能
https://www.welcia-yakkyoku.co.jp/"
118,薬局,さくら薬局　塙店,福島県 東白川郡塙町大字塙字材木町11-1,県南,0247-57-6560,False,True,True,False,False,月火水金,"月水金：9時～17時
火：9時～13時",要予約,2022-04-01,
119,薬局,クオール薬局文京店,福島県 西白河郡矢吹町文京町227-36,県南,0248-41-2420,False,True,False,False,True,月～土,"月～金：9時～17時
土：9時～12時",要予約,2022-04-27,
120,薬局,クオール薬局矢吹本町店,福島県 西白河郡矢吹町本町251,県南,0248-44-5123,False,True,False,False,True,月～金,15時～17時,要予約,2022-06-09,
121,薬局,かぼちゃ薬局　飯寺店,福島県 会津若松市門田町飯寺村東616-25,会津,0242-29-1214,False,True,True,False,False,月～金,18時～20時,要予約,2022-04-01,
122,薬局,アイン薬局 会津中央店,福島県 会津若松市鶴賀町1-4,会津,0242-32-1193,True,False,False,False,True,月～金,18時～19時,要予約,2022-04-01,
123,薬局,アイン薬局 鶴賀店,福島県 会津若松市一箕町大字鶴賀字堤2-70,会津,0242-32-2700,True,False,False,False,True,月～金,18時～19時,要予約,2022-04-01,
124,薬局,アイン薬局 湯川店,福島県 会津若松市湯川町1-54,会津,0242-38-2588,True,False,False,False,True,月～金、第３土曜,18時～19時,要予約,2022-04-01,
125,薬局,アイン薬局 山鹿店,福島県 会津若松市山鹿町4-20,会津,0242-38-3093,True,False,False,False,True,月～金、第３土曜,18時～19時,要予約,2022-04-01,
126,薬局,ファーマライズ薬局飯盛店,福島県 会津若松市中島町6-1,会津,090-1608-9870,True,True,False,False,True,月～金,9時～13時,要予約,2022-04-01,
127,薬局,アイン薬局会津アピオ店,福島県 会津若松市インター西74-2,会津,0242-37-1193,True,False,False,False,True,火水木金,"火：10時～12時
水木金：16時～18時",要予約,2022-04-01,
128,薬局,アイン薬局ハート会津店,福島県 会津若松市河東町谷沢字十文字74-2,会津,0242-85-8186,True,False,False,False,True,月～金,17時～19時,要予約,2022-04-01,
129,薬局,あいあい薬局,福島県 会津若松市城西町５－５６,会津,0242-29-6666,False,True,False,False,True,月～土,"月～金：18時15分～(1名)
土：13時15分～（3名）",要予約,2022-04-01,
130,薬局,あいあい薬局門田日吉店,福島県 会津若松市門田町日吉大字丑渕11－44,会津,0242-29-1666,False,True,False,False,True,月～金,13時～18時,要予約,2022-04-01,
131,薬局,エール薬局十文字店,福島県 会津若松市河東町谷沢字十文字４０番２,会津,0242-23-7162,False,True,True,False,False,月～水,15時～17時,要予約,2022-04-01,
132,薬局,コスモ調剤薬局　材木町店,福島県 会津若松市材木町２－４－２,会津,0242-36-5182,False,True,True,False,False,月～土,"月火水金：14時～16時
木土：10時30分～11時30分",要予約,2022-04-01,
133,薬局,まちの薬局扇町店,福島県 会津若松市扇町31,会津,0242-37-1766,False,True,True,False,False,月～土,"月～金：15時～17時
土：15時～16時",要予約,2022-04-01,
134,薬局,さくら薬局　会津山鹿店,福島県 会津若松市山鹿町4-8,会津,0242-93-5370,False,True,True,False,False,月～金,"9時～10時
16時30分～17時30分",要予約,2022-04-01,
135,薬局,ウエルシア薬局会津若松湯川店,福島県 会津若松市湯川町4-10,会津,0242-36-5303,True,True,True,False,False,月～土,"月～金：9時～14時、
15時～19時
土：9時～14時、15時～16時　",要予約,2022-04-01,"HPから予約可能
https://www.welcia-yakkyoku.co.jp/"
136,薬局,調剤薬局ツルハドラッグ会津湯川店,福島県 会津若松市湯川町1-58,会津,0242-38-3328,True,True,True,False,False,月～金,"PCR検査：9時～13時
抗原定性検査：9時～13時",予約不要,2022-04-01,
137,薬局,クスリのアオキ城西町薬局,福島県 会津若松市城西町8番12号,会津,0242-85-6107,True,True,True,True,True,月～日、祝,9時～22時,予約不要,2022-04-01,"月～金　9:00-19:00　土　9:00-18:00（薬局　0242-85-6107）
上記以外の時間帯（店舗　0242-36-7317）
よくあるご質問はクスリのアオキHPにてご確認をお願い致します。"
138,薬局,クスリのアオキ天寧寺薬局,福島県 会津若松市天寧寺町2番20号,会津,0242-23-8137,True,True,True,True,True,月～日、祝,9時～22時,予約不要,2022-04-01,"月～金　9:00-18:00（薬局　0242-23-8137）
上記以外の時間帯（店舗　0242-93-8051）
よくあるご質問はクスリのアオキHPにてご確認をお願い致します。"
139,薬局,クスリのアオキ白虎町薬局,福島県 会津若松市会津都市計画事業扇町土地区画整理事業5-19街区6画地,会津,0242-85-7237,True,True,True,True,True,月～日、祝,9時～22時,予約不要,2022-04-01,"月～金　9:00-18:00（薬局　0242-85-7237）
上記以外の時間帯（店舗　0242-36-7582）
よくあるご質問はクスリのアオキHPにてご確認をお願い致します。"
140,薬局,ウエルシア薬局喜多方常盤台店,福島県 喜多方市常盤台４６－１,会津,0241-21-4426,True,True,True,False,False,月～金,9時～14時、15時～19時,要予約,2022-04-01,"HPから予約可能
https://www.welcia-yakkyoku.co.jp/"
141,衛生検査所等,木下グループ新型コロナ検査センター　喜多方市指定新型コロナ検査所,"福島県 喜多方市押切2-1　
喜多方プラザ第３練習室（北側駐車場内）",会津,"原則、インターネットにて予約受付
予約受付URL：https://covid-kensa.com/kitakata.html",True,True,True,False,False,月火木金土,9時～12時、13時～16時,要予約,2022-04-01,"＜お問い合わせ先＞
検査結果未着の方 ⇒ https://covid-kensa.com/contact-notarrived/
Mail：corona-testcenter@kinoshita-group.co.jp
TEL：03-4333-1640（10:30～18:30）
※お電話がつながりにくい状況が多いため、メールでのお問い合わせをお願いいたします。"
142,薬局,アイン薬局猪苗代店,福島県 耶麻郡猪苗代町大字千代田字油地62-9,会津,0242-72-1531,True,False,False,False,True,月～金,13時30分～15時,要予約,2022-04-01,
143,薬局,コスモ調剤薬局　金山店,福島県 大沼郡金山町川口字金洗道下１４８１－３,会津,0241-53-5580,False,True,True,False,False,月～金,13時～15時,要予約,2022-04-01,
144,薬局,アイン薬局会津美里店,福島県 大沼郡会津美里町高田甲2969番地5,会津,0242-93-9033,True,False,False,False,True,月～金,16時～18時,要予約,2022-04-01,
145,薬局,ウエルシア薬局会津美里店,福島県 大沼郡会津美里町思堀２５,会津,0242-57-1115,True,True,True,False,False,月～金,"9時～14時
15時～19時",要予約,2022-04-01,"HPから予約可能
https://www.welcia-yakkyoku.co.jp/"
146,医療機関,小川医院,福島県 耶麻郡猪苗代町字カキ田393番地,会津,0242-62-2132,False,True,True,False,False,月火水木土日,"月水土日：9時～11時、
　　　　　　　14時～16時
火木：9時～11時",要予約,2022-04-01,
147,薬局,昭和調剤薬局,福島県 大沼郡昭和村小中津川字石仏1842,会津,0241-42-7726,False,True,False,False,True,月水,10時～12時、14時～16時,要予約,2022-05-30,
148,薬局,ふるまち薬局,福島県 南会津郡南会津町古町字新坂1番地5,南会津,0241-72-8222,False,True,True,False,True,月～金,"月木金：10時30分～15時
火：13時30分～14時30分、
17時～17時30分
水：13時30分～15時",要予約,2022-04-01,
149,薬局,ファーマシーダイマル,福島県 南会津郡南会津町永田字風下2-3,南会津,0241-62-1320,False,True,False,False,True,月～金,13時30分～14時30分,要予約,2022-04-01,
150,薬局,クオール薬局南会津店,福島県 南会津郡南会津町長田字下川原81-4,南会津,0241-63-3201,False,True,False,False,True,月～金,15時～17時,要予約,2022-05-30,
151,薬局,共創未来　相馬薬局,福島県 相馬市新沼字坪ヶ迫98 ,相双,0244-37-4010,False,True,False,False,True,月～金,14時～17時,要予約,2022-04-01,
152,薬局,アイン薬局　東相馬店,福島県 相馬市沖ノ内2-16-6,相双,0244-37-3338,True,False,False,False,True,火～金,18時～20時,要予約,2022-04-01,
153,衛生検査所等,南相馬PCR検査センター,"福島県 南相馬市原町区青葉町2-62-3
株式会社カルディオメド福島 敷地内",相双,0244-26-8232,True,True,True,False,False,月～土,"平日：9時～12時、13時～17時
土：9時～12時",予約不要,2022-04-01,
154,薬局,そうごう薬局　旭町店,福島県 南相馬市原町区旭町3-24,相双,0244-22-5666,False,True,False,False,True,火水木,15時～18時,要予約,2022-04-01,
155,薬局,アイン薬局　本陣前店,福島県 南相馬市原町区本陣前1丁目82番地,相双,0244-24-3369,True,False,False,False,True,月火水金,18時～20時,要予約,2022-04-01,
156,薬局,アイン薬局　原町店,福島県 南相馬市原町区日の出町541番5,相双,0244-26-7825,True,False,False,False,True,月火水金,"13時～14時、
18時30分～20時",要予約,2022-04-01,
157,薬局,アイン薬局　南相馬東店,福島県 南相馬市原町区高見町2-122-1,相双,0244-23-7709,True,False,False,False,True,月～金,18時～20時,要予約,2022-04-01,
158,薬局,ヤマキ保健薬局,福島県 南相馬市原町区旭町1丁目12,相双,0244-25-7270,False,True,True,False,False,月～土,"月～金：14時～17時
土：10時～12時",要予約,2022-04-01,
159,薬局,ウエルシア薬局南相馬原ノ町駅前店,福島県 南相馬市原町区旭町二丁目52番地の1,相双,0244-25-2523,True,True,True,False,False,月～金,"9時30分～14時
15時～18時30分",要予約,2022-04-01,"HPから予約可能
https://www.welcia-yakkyoku.co.jp/"
160,衛生検査所等,南相馬市指定PCR検査所,福島県 南相馬市原町区小川町322-1,相双,"原則、インターネットにて予約受付
予約受付URL：https://covid-kensa.com/minamisoma.html",True,True,True,False,False,月～金,9時～12時、13時～16時,要予約,2022-04-01,"＜お問い合わせ先＞
検査結果未着の方 ⇒ https://covid-kensa.com/contact-notarrived/
Mail：corona-testcenter@kinoshita-group.co.jp
TEL：03-4333-1640（10:30～18:30）
※お電話がつながりにくい状況が多いため、メールでのお問い合わせをお願いいたします。"
161,薬局,そうごう薬局 鹿島店,福島県 南相馬市鹿島区横手字榎内17,相双,0244-46-1421,False,True,False,False,True,月～土,"月火木金：9時～18時
水：9時～16時
土：9時～12時",要予約,2022-04-01,
162,医療機関,まつはし内科クリニック,福島県 いわき市平上荒川字安草47,いわき,0246-68-8031,True,False,True,False,False,月～水、金～土,"月火水金：9時～11時30分、
14時～17時
土：9時～11時30分",要予約,2022-04-01,
163,薬局,あさひ調剤薬局 いわき店,福島県 いわき市内郷綴町金谷11-6,いわき,0246-27-4193,True,False,False,False,True,月火木金,12時～14時,要予約,2022-04-01,
164,薬局,アイランド薬局倉前店,福島県 いわき市平字倉前113番地の6,いわき,0246-22-9997,False,True,True,False,True,月火水金,14時～16時,要予約,2022-04-01,
165,薬局,アイン薬局　いわき小島店,福島県 いわき市小島町1-5-10,いわき,0246-45-2120,True,True,False,False,True,"月～土
第2～第5日・祝日","月～土：9時～18時
第2～第5日・祝日：9時～13時",要予約,2022-04-01,
166,薬局,アイン薬局　いわき富岡店,福島県 いわき市小名浜南富岡富士前57,いわき,0246-54-1080,True,True,False,False,True,月～土,"月～金：9時～18時
土：9時～13時",要予約,2022-04-01,
167,薬局,アイン薬局　ぴよぴよ薬局,福島県 いわき市草木台5丁目16-1,いわき,0246-46-2040,True,True,False,False,True,月～土,"月～金：8時30分～19時
土：8時30分～18時",要予約,2022-04-01,
168,薬局,葵調剤薬局 湯本店,福島県 いわき市常磐下湯長谷町2丁目14-2,いわき,0246-72-1750,True,True,False,False,True,月～土,"月火木金：8時30分～18時
水土：8時30分～12時30分",要予約,2022-04-01,
169,薬局,アイル薬局住吉店,福島県 いわき市小名浜住吉字冠木1-2,いわき,0246-76-0898,False,True,True,False,False,月火水金,13時30分～16時30分,要予約,2022-04-01,
170,薬局,雄飛堂薬局いわき医療センター前店,福島県 いわき市内郷御厩町久世原244－1,いわき,0246-38-6951,True,True,True,True,True,月～金,8時30分～18時,要予約,2022-04-01,
171,医療機関,医療法人にしやま耳鼻咽喉科医院,福島県 いわき市泉玉露5丁目7-7,いわき,0246-56-8733,False,True,True,False,True,月～土,"月火木金：9時～11時30分、
14時30分～17時
水土：9時～11時30分",要予約,2022-04-01,
172,薬局,オレンジ薬局　湯本南店,福島県 いわき市常磐西郷町字岩崎28番地10 ,いわき,0246‐72‐1050,False,True,False,False,True,月～土,"9時30分～11時30分、
14時～16時",要予約,2022-04-01,
173,薬局,たまち薬局,福島県 いわき市平字田町75-5,いわき,0246-37-7622,True,True,True,False,False,月～土,"月火水金：8時30分～15時
木：8時30分～11時
土：8時30分～10時",要予約,2022-04-01,
174,薬局,薬局タローファーマシー,福島県 いわき市平谷川瀬一丁目17-6,いわき,0246-25-3600,False,True,True,False,True,月～金,9時～15時,要予約,2022-04-01,
175,薬局,薬局タローファーマシー四倉店,福島県 いわき市四倉町西3丁目15-2,いわき,0246-32-8555,False,True,True,False,False,月～金,9時～15時,要予約,2022-04-01,
176,薬局,薬局タローファーマシー上荒川店,福島県 いわき市平上荒川堀の内16-4,いわき,0246-23-8977,False,True,True,False,False,月～金,9時～15時,要予約,2022-04-01,
177,薬局,薬局タローファーマシー高専前店,福島県 いわき市平上荒川字長尾40-2,いわき,0246-28-2112,False,True,True,False,False,月～金,9時～15時,要予約,2022-04-01,
178,薬局,薬局タローファーマシーけいりん場前店,福島県 いわき市平谷川瀬一丁目19-6,いわき,0246-22-3600,False,True,True,False,False,月～金,9時～15時,要予約,2022-04-01,
179,薬局,薬局タローファーマシー鹿島店,福島県 いわき市鹿島町走熊字小神山38-1,いわき,0246-46-3600,False,True,True,False,False,月火水金,9時～15時,要予約,2022-04-01,
180,薬局,薬局タローファーマシーみまや店,福島県 いわき市内郷御厩町三丁目94-2,いわき,0246-27-3388,False,True,True,False,False,月～金,9時～15時,要予約,2022-04-01,
181,薬局,イオン薬局いわき店,福島県 いわき市平字三倉68-1,いわき,0246-41-0017,False,True,True,False,False,年中無休,10時～17時,要予約,2022-04-01,
182,薬局,日本調剤　いわき薬局,福島県 いわき市内郷綴町沼尻148-1,いわき,0246-45-2235,True,True,True,True,False,月～金,10時～12時、14時～17時,要予約,2022-04-01,
183,医療機関,医療法人社団ときわ会富岡クリニック,福島県 いわき市小名浜大原字丁新地9-6,いわき,0246-85-5770,True,False,False,False,True,火,10時～11時、14時～15時,要予約,2022-04-01,
184,薬局,コロ薬局　泉滝尻店,福島県 いわき市泉町滝尻字南坪53番地1,いわき,0246-88-7623,False,True,True,False,True,月～土,"月～金：9時～18時30分
土：9時～12時半",要予約,2022-04-01,
185,薬局,ウエルシア薬局いわき錦店,福島県 いわき市錦町花ノ井３０番地の１,いわき,0246-77-0672,True,True,True,False,False,月～土,"月～金：9時30分～19時
土：9時30分～14時、
15時～17時",要予約,2022-04-01,"HPから予約可能
https://www.welcia-yakkyoku.co.jp/"
186,薬局,ウエルシア薬局いわき中央台東店,福島県 いわき市中央台高久二丁目２５番地の１,いわき,0246-46-3628,True,True,True,False,False,月～土,"9時30分～14時
15時～18時30分",要予約,2022-04-01,"HPから予約可能
https://www.welcia-yakkyoku.co.jp/"
187,薬局,調剤薬局ツルハドラッグ平窪店,福島県 いわき市平下平窪山土内町1-1,いわき,0246-35-0816,True,True,True,False,False,月～金,"PCR検査：9時30分～13時
抗原定性検査：9時30分～13時",予約不要,2022-04-01,
188,薬局,調剤薬局ツルハドラッグいわき玉露店,福島県 いわき市泉玉露5丁目7-6,いわき,0246-75-1268,True,True,True,False,False,月～金,"PCR検査：9時～13時
抗原定性検査：9時～13時",予約不要,2022-04-01,
189,薬局,クスリのアオキ小名浜リスポ薬局,福島県 いわき市小名浜字蛭川南5番地6,いわき,0246-84-6526,True,True,True,True,True,月～日、祝,9時～22時,予約不要,2022-04-01,"月～金　9:00-18:00　土　9:00-13:00（薬局　0246-84-6526）
上記以外の時間帯（店舗　0246-84-6271）
よくあるご質問はクスリのアオキHPにてご確認をお願い致します。"
190,医療機関,医療法人社団栄央会なこそ病院,福島県 いわき市勿来町窪田町通2-114,いわき,0246-65-7755,True,False,True,False,False,土,13時30分～17時,要予約,2022-05-28,
191,薬局,株式会社くすりのマルト調剤薬局いわき市医療センター前店,福島県 いわき市内郷御厩町久世原248,いわき,0246-45-1788,False,True,False,False,True,月～金,15時～17時,要予約,2022-06-20,
192,薬局,株式会社くすりのマルト調剤薬局川原田店,福島県 いわき市内郷綴町川原田117,いわき,0246-45-1118,False,True,True,False,True,月～金,13時～15時,要予約,2022-06-20,レールカーテンで仕切られたブース、又は、自家用車内で検査
193,薬局,株式会社くすりのマルト調剤薬局谷川瀬店,福島県 いわき市平谷川瀬二丁目11-10,いわき,0246-22-1150,False,True,True,False,True,月～金,13時30分～15時30分,要予約,2022-06-20,レールカーテンで仕切られたブース、又は、自家用車内で検査
194,薬局,株式会社くすりのマルト調剤薬局玉川店,福島県 いわき市小名浜住吉字道下34,いわき,0246-76-1880,False,True,True,False,True,月～金,13時～15時,要予約,2022-06-20,レールカーテンで仕切られたブース、又は、自家用車内で検査
195,薬局,株式会社くすりのマルト調剤薬局下湯長谷店,福島県 いわき市常磐下湯長谷町道下10,いわき,0246-72-1771,False,True,True,False,True,月～金,14時～16時,要予約,2022-06-20,レールカーテンで仕切られたブース、又は、自家用車内で検査
196,薬局,株式会社くすりのマルト調剤薬局洋向台店,福島県 いわき市洋向台四丁目1番3,いわき,0246-59-0007,False,True,True,False,True,月～金,12時30分～14時30分,要予約,2022-06-20,レールカーテンで仕切られたブース、又は、自家用車内で検査
197,薬局,株式会社くすりのマルト調剤薬局つづら店,福島県 いわき市内郷綴町仲田26-6,いわき,0246-45-2855,False,True,True,False,True,月～金,16時～17時30分,要予約,2022-06-20,レールカーテンで仕切られたブース、又は、自家用車内で検査
198,薬局,株式会社くすりのマルト調剤薬局泉店,福島県 いわき市泉町一丁目32番3,いわき,0246-75-2727,False,True,True,False,True,月～金,14時～16時,要予約,2022-06-20,レールカーテンで仕切られたブース、又は、自家用車内で検査
199,薬局,株式会社くすりのマルト調剤薬局平窪店,福島県 いわき市平下平窪山土内町3-1,いわき,0246-24-3677,False,True,True,False,True,月～金,15時～17時,要予約,2022-06-20,レールカーテンで仕切られたブース、又は、自家用車内で検査
200,薬局,株式会社くすりのマルト調剤薬局上中田店,福島県 いわき市錦町上中田7,いわき,0246-63-3036,False,True,True,False,True,月～金,15時～17時,要予約,2022-06-20,レールカーテンで仕切られたブース、又は、自家用車内で検査
201,薬局,株式会社くすりのマルト調剤薬局高坂店,福島県 いわき市内郷高坂町八反田55,いわき,0246-27-1101,False,True,True,False,True,月～金,15時～17時,要予約,2022-06-20,レールカーテンで仕切られたブース、又は、自家用車内で検査
202,薬局,株式会社くすりのマルト調剤薬局林城店,福島県 いわきし小名浜林城字辻前3番地2,いわき,0246-76-1188,False,True,True,False,True,月～金,12時～14時30分,要予約,2022-06-20,レールカーテンで仕切られたブース、又は、自家用車内で検査
203,薬局,株式会社くすりのマルト調剤薬局遠野店,福島県 いわき市遠野町上遠野字本町67-2,いわき,0246-85-5551,False,True,True,False,True,月～金,14時～16時,要予約,2022-06-20,レールカーテンで仕切られたブース、又は、自家用車内で検査
204,薬局,株式会社くすりのマルト調剤薬局窪田店,福島県 いわき市勿来町窪田十条3-1-3,いわき,0246-65-0555,False,True,True,False,True,月～金,15時～17時,要予約,2022-06-20,レールカーテンで仕切られたブース、又は、自家用車内で検査
205,薬局,株式会社くすりのマルト調剤薬局平尼子店,福島県 いわき市平字尼子町3-1-2,いわき,0246-35-1775,False,True,True,False,True,月～金,15時～17時,要予約,2022-06-20,レールカーテンで仕切られたブース、又は、自家用車内で検査
206,薬局,株式会社くすりのマルト調剤薬局鳥居店,福島県 いわき市錦町綾ノ内121,いわき,0246-62-7755,False,True,True,False,True,月～金,15時～17時,要予約,2022-06-20,レールカーテンで仕切られたブース、又は、自家用車内で検査
207,薬局,株式会社くすりのマルト調剤薬局平五町目店,福島県 いわき市平字五町目17-12,いわき,0246-21-1771,False,True,True,False,True,月～金,15時～17時,要予約,2022-06-20,レールカーテンで仕切られたブース、又は、自家用車内で検査
208,薬局,株式会社くすりのマルト調剤薬局君ヶ塚店,福島県 いわき市小名浜大原字下小滝158-2,いわき,0246-92-4678,False,True,True,False,True,月～金,15時～17時,要予約,2022-06-20,レールカーテンで仕切られたブース、又は、自家用車内で検査
